sample_id,dataset,ips_score,predicted_class
GSM648590,GSE26440,0.3100187042857001,Immunoparalysis
GSM648591,GSE26440,0.026566881759339123,Non-paralysis
GSM648592,GSE26440,0.26238899533527066,Non-paralysis
GSM648593,GSE26440,0.2275593762908265,Non-paralysis
GSM648594,GSE26440,0.14394192554107052,Non-paralysis
GSM648595,GSE26440,0.31783580779909404,Immunoparalysis
GSM648596,GSE26440,0.860335782395559,Immunoparalysis
GSM648597,GSE26440,0.10069117850357434,Non-paralysis
GSM648598,GSE26440,0.06535387211597747,Non-paralysis
GSM648599,GSE26440,0.24829551144555612,Non-paralysis
GSM648600,GSE26440,0.23234027617912573,Non-paralysis
GSM648601,GSE26440,0.367328708202965,Immunoparalysis
GSM648602,GSE26440,0.17413981931715736,Non-paralysis
GSM648603,GSE26440,0.08701888849882185,Non-paralysis
GSM648604,GSE26440,0.22852070351815104,Non-paralysis
GSM648605,GSE26440,0.5502526036672492,Immunoparalysis
GSM648606,GSE26440,0.39331795231629635,Immunoparalysis
GSM648607,GSE26440,0.026550320208528506,Non-paralysis
GSM648608,GSE26440,0.06407410271866844,Non-paralysis
GSM648609,GSE26440,0.09556861250768015,Non-paralysis
GSM648610,GSE26440,0.4790838923730607,Immunoparalysis
GSM648611,GSE26440,0.07930218732244308,Non-paralysis
GSM648612,GSE26440,0.060774929933966715,Non-paralysis
GSM648613,GSE26440,0.19522350224480892,Non-paralysis
GSM648614,GSE26440,0.3316002533743318,Immunoparalysis
GSM648615,GSE26440,0.6383502558103212,Immunoparalysis
GSM648616,GSE26440,0.1790664185573245,Non-paralysis
GSM648617,GSE26440,0.340239584275753,Immunoparalysis
GSM648618,GSE26440,0.0030134706842665543,Non-paralysis
GSM648619,GSE26440,0.06994918019553815,Non-paralysis
GSM648620,GSE26440,0.37739007668889574,Immunoparalysis
GSM648621,GSE26440,0.17438641911988328,Non-paralysis
GSM648622,GSE26440,0.11286091767567752,Non-paralysis
GSM648623,GSE26440,0.0812085339590125,Non-paralysis
GSM648624,GSE26440,0.028863849988090672,Non-paralysis
GSM648625,GSE26440,0.2793962307194438,Non-paralysis
GSM648626,GSE26440,0.18348571633816083,Non-paralysis
GSM648627,GSE26440,0.031589204020035934,Non-paralysis
GSM648628,GSE26440,0.03022425698011189,Non-paralysis
GSM648629,GSE26440,0.06006524739655106,Non-paralysis
GSM648633,GSE26440,0.1614900643393842,Non-paralysis
GSM648634,GSE26440,0.2374104140806913,Non-paralysis
GSM648635,GSE26440,0.4567805086247667,Immunoparalysis
GSM648636,GSE26440,0.10043108484574466,Non-paralysis
GSM648642,GSE26440,0.6550849989110723,Immunoparalysis
GSM648643,GSE26440,0.48768873489433956,Immunoparalysis
GSM648644,GSE26440,0.9046295075758585,Immunoparalysis
GSM648645,GSE26440,0.024280744141073615,Non-paralysis
GSM648646,GSE26440,0.8607724748929589,Immunoparalysis
GSM648647,GSE26440,0.3581248207825077,Immunoparalysis
GSM648648,GSE26440,0.16728625345843814,Non-paralysis
GSM648649,GSE26440,0.6690480855113646,Immunoparalysis
GSM648650,GSE26440,0.31997795577621874,Immunoparalysis
GSM648651,GSE26440,0.08160898519955176,Non-paralysis
GSM648652,GSE26440,0.1657017775288591,Non-paralysis
GSM648653,GSE26440,0.10815740950599699,Non-paralysis
GSM648654,GSE26440,0.03725755154124813,Non-paralysis
GSM648655,GSE26440,0.07341270088328182,Non-paralysis
GSM648656,GSE26440,0.8695194897267879,Immunoparalysis
GSM648657,GSE26440,0.12146160083206947,Non-paralysis
GSM648658,GSE26440,0.02134561928928807,Non-paralysis
GSM648659,GSE26440,0.12021800775947193,Non-paralysis
GSM648660,GSE26440,0.24939688840440258,Non-paralysis
GSM648661,GSE26440,0.031211082837374886,Non-paralysis
GSM648662,GSE26440,0.1279434259156059,Non-paralysis
GSM648663,GSE26440,0.2259115566843212,Non-paralysis
GSM648664,GSE26440,0.11053474817657673,Non-paralysis
GSM648665,GSE26440,0.07270366367326606,Non-paralysis
GSM648666,GSE26440,0.0351327998902638,Non-paralysis
GSM648667,GSE26440,0.679402098595206,Immunoparalysis
GSM648670,GSE26440,0.46626864718272415,Immunoparalysis
GSM648675,GSE26440,0.1480608108732711,Non-paralysis
GSM648680,GSE26440,0.21497481546910155,Non-paralysis
GSM648682,GSE26440,0.8256092907705131,Immunoparalysis
GSM648683,GSE26440,0.18985700886613047,Non-paralysis
GSM648684,GSE26440,0.18128903222747894,Non-paralysis
GSM648685,GSE26440,0.2546139803913461,Non-paralysis
GSM648695,GSE26440,0.7692803951071944,Immunoparalysis
GSM648696,GSE26440,0.5214588461446387,Immunoparalysis
GSM648697,GSE26440,0.18552922628196125,Non-paralysis
GSM648698,GSE26440,0.7154345730388704,Immunoparalysis
GSM648702,GSE26440,0.12235472730395147,Non-paralysis
GSM648704,GSE26440,0.8962310879288388,Immunoparalysis
GSM648705,GSE26440,0.48652993205578693,Immunoparalysis
GSM648706,GSE26440,0.8887768654055475,Immunoparalysis
GSM648707,GSE26440,0.21596926879124623,Non-paralysis
GSM648708,GSE26440,0.6507269520694224,Immunoparalysis
GSM648709,GSE26440,0.5285691579307696,Immunoparalysis
GSM648710,GSE26440,0.0965964871557531,Non-paralysis
GSM648711,GSE26440,0.07685817959321081,Non-paralysis
GSM648712,GSE26440,0.17020818653191905,Non-paralysis
GSM648713,GSE26440,0.13377188035647516,Non-paralysis
GSM648714,GSE26440,0.608203393496403,Immunoparalysis
GSM648715,GSE26440,0.6095158627339451,Immunoparalysis
GSM648716,GSE26440,0.07629684150565456,Non-paralysis
GSM648717,GSE26440,0.42762231408621076,Immunoparalysis
GSM648718,GSE26440,0.41167718472723136,Immunoparalysis
GSM648719,GSE26440,0.07138207497889373,Non-paralysis
GSM647527,GSE26378,0.057885036631064375,Non-paralysis
GSM647528,GSE26378,0.07142292626732016,Non-paralysis
GSM647529,GSE26378,0.004432569676519258,Non-paralysis
GSM647530,GSE26378,0.08543785311352804,Non-paralysis
GSM647531,GSE26378,0.01959260184670078,Non-paralysis
GSM647532,GSE26378,0.046728527223693375,Non-paralysis
GSM647535,GSE26378,0.4892627431104421,Immunoparalysis
GSM647540,GSE26378,0.47366182434952175,Immunoparalysis
GSM647541,GSE26378,0.29014202927185967,Non-paralysis
GSM647542,GSE26378,0.20754146682179386,Non-paralysis
GSM647543,GSE26378,0.06220913208232634,Non-paralysis
GSM647544,GSE26378,0.04179253573062789,Non-paralysis
GSM647545,GSE26378,0.041692453719451336,Non-paralysis
GSM647546,GSE26378,0.5353189251326389,Immunoparalysis
GSM647547,GSE26378,0.05450934748985558,Non-paralysis
GSM647548,GSE26378,2.284144586581613e-05,Non-paralysis
GSM647549,GSE26378,0.07909139262117615,Non-paralysis
GSM647550,GSE26378,0.14579678362122833,Non-paralysis
GSM647551,GSE26378,0.27634710551689523,Non-paralysis
GSM647552,GSE26378,0.17910565513804302,Non-paralysis
GSM647553,GSE26378,0.11141568930420015,Non-paralysis
GSM647554,GSE26378,0.1455103103152029,Non-paralysis
GSM647555,GSE26378,0.19110834641975097,Non-paralysis
GSM647556,GSE26378,0.17411666110907426,Non-paralysis
GSM647557,GSE26378,0.042321638568851454,Non-paralysis
GSM647558,GSE26378,0.25200297108608366,Non-paralysis
GSM647559,GSE26378,0.1691514361915565,Non-paralysis
GSM647560,GSE26378,0.15840585932888618,Non-paralysis
GSM647561,GSE26378,0.15060836859780516,Non-paralysis
GSM647562,GSE26378,0.048123423564487705,Non-paralysis
GSM647563,GSE26378,0.3226120007169144,Immunoparalysis
GSM647564,GSE26378,0.34147186120920353,Immunoparalysis
GSM647565,GSE26378,0.09380604343122756,Non-paralysis
GSM647567,GSE26378,0.19088480520512155,Non-paralysis
GSM647568,GSE26378,0.06560474802573969,Non-paralysis
GSM647569,GSE26378,0.6643741445355985,Immunoparalysis
GSM647570,GSE26378,0.02780644575207955,Non-paralysis
GSM647571,GSE26378,0.5447859164886546,Immunoparalysis
GSM647572,GSE26378,0.22545990635144916,Non-paralysis
GSM647573,GSE26378,0.005177247397529785,Non-paralysis
GSM647574,GSE26378,0.5463155215064586,Immunoparalysis
GSM647576,GSE26378,0.4766331030762165,Immunoparalysis
GSM647577,GSE26378,0.3342576571876336,Immunoparalysis
GSM647578,GSE26378,0.2757035143277956,Non-paralysis
GSM647579,GSE26378,0.6220459988837128,Immunoparalysis
GSM647580,GSE26378,0.761565595190748,Immunoparalysis
GSM647581,GSE26378,0.008446891140113842,Non-paralysis
GSM647582,GSE26378,0.21875182145180946,Non-paralysis
GSM647583,GSE26378,0.6256065567287603,Immunoparalysis
GSM647584,GSE26378,0.08008288007826195,Non-paralysis
GSM647585,GSE26378,0.5310589795585224,Immunoparalysis
GSM647586,GSE26378,0.05892939580750722,Non-paralysis
GSM647587,GSE26378,0.01924881859856042,Non-paralysis
GSM647588,GSE26378,0.10876496706282669,Non-paralysis
GSM647591,GSE26378,0.1226258087983651,Non-paralysis
GSM647592,GSE26378,0.18742646603551025,Non-paralysis
GSM647593,GSE26378,0.11356050022925886,Non-paralysis
GSM647594,GSE26378,0.17163875624875213,Non-paralysis
GSM647595,GSE26378,0.24713919243707794,Non-paralysis
GSM647596,GSE26378,0.01056125727995887,Non-paralysis
GSM647597,GSE26378,0.09338826828582822,Non-paralysis
GSM647598,GSE26378,0.13458493945542663,Non-paralysis
GSM647599,GSE26378,0.08874417359242501,Non-paralysis
GSM647600,GSE26378,0.5890182610769951,Immunoparalysis
GSM647601,GSE26378,0.0981560535694529,Non-paralysis
GSM647602,GSE26378,0.40668250717330406,Immunoparalysis
GSM647603,GSE26378,0.4676378191385467,Immunoparalysis
GSM647609,GSE26378,0.16510243078158324,Non-paralysis
GSM647610,GSE26378,0.12563149219255856,Non-paralysis
GSM647611,GSE26378,0.14243770268816158,Non-paralysis
GSM647612,GSE26378,0.24633887663173515,Non-paralysis
GSM647613,GSE26378,0.1278249723826925,Non-paralysis
GSM647614,GSE26378,0.07740329484657744,Non-paralysis
GSM647615,GSE26378,0.38420345109269144,Immunoparalysis
GSM647616,GSE26378,0.5458196509268572,Immunoparalysis
GSM647617,GSE26378,0.5468231181197101,Immunoparalysis
GSM647618,GSE26378,0.0750087327009106,Non-paralysis
GSM647619,GSE26378,0.27945493495903373,Non-paralysis
GSM647620,GSE26378,0.5636973316228141,Immunoparalysis
GSM647627,GSE26378,0.19986910439880778,Non-paralysis
GSM647628,GSE26378,0.009272151472189676,Non-paralysis
GSM647629,GSE26378,0.4530513273404434,Immunoparalysis
