sample_id,Mars_Type,cohort,IPS_score,IPS_group
GSM1602802,Mars2,Discovery,0.020137833487183687,Low
GSM1602803,Mars2,Discovery,0.05132669831574201,Low
GSM1602805,Mars2,Discovery,0.0698275954954404,Low
GSM1602810,Mars3,Discovery,0.0788413688660175,Low
GSM1602811,Mars4,Discovery,0.050633988102910414,Low
GSM1602812,Mars1,Discovery,0.09093896526898076,Low
GSM1602813,Mars1,Discovery,0.10458918530177083,Low
GSM1602815,Mars2,Discovery,0.15573028944539566,Low
GSM1602816,Mars3,Discovery,0.08789130575741798,Low
GSM1602818,Mars1,Discovery,0.8510337292415187,High
GSM1602819,Mars2,Discovery,0.22854200208061184,Low
GSM1602820,Mars3,Discovery,0.09471591375738757,Low
GSM1602823,Mars1,Discovery,0.13173397160373038,Low
GSM1602824,Mars1,Discovery,0.32337825359388384,High
GSM1602825,Mars2,Discovery,0.1859731211049898,Low
GSM1602826,Mars2,Discovery,0.17834335435163368,Low
GSM1602827,Mars3,Discovery,0.02833512434326521,Low
GSM1602829,Mars2,Discovery,0.1133795843083896,Low
GSM1602830,Mars2,Discovery,0.04057039282197753,Low
GSM1602831,Mars2,Discovery,0.020934920200355908,Low
GSM1602832,Mars3,Discovery,0.0519637656357236,Low
GSM1602834,Mars2,Discovery,0.06384120482433787,Low
GSM1602836,Mars3,Discovery,0.2940687830338365,Low
GSM1602837,Mars2,Discovery,0.017644407407815938,Low
GSM1602838,Mars3,Discovery,0.023085811083453093,Low
GSM1602839,Mars2,Discovery,0.052402394395221964,Low
GSM1602840,Mars2,Discovery,0.2627427088745503,Low
GSM1602841,Mars2,Discovery,0.1167647538813306,Low
GSM1602842,Mars2,Discovery,0.041511424518265984,Low
GSM1602843,Mars4,Discovery,0.23857127755418162,Low
GSM1602844,Mars2,Discovery,0.1829624408612751,Low
GSM1602845,Mars2,Discovery,0.31487080431055575,Low
GSM1602846,Mars3,Discovery,0.02766760872388175,Low
GSM1602847,Mars3,Discovery,0.04618673050208114,Low
GSM1602848,Mars1,Discovery,0.3167146810825159,High
GSM1602849,Mars4,Discovery,0.029397254195119533,Low
GSM1602850,Mars2,Discovery,0.14654082017267184,Low
GSM1602851,Mars3,Discovery,0.06058137761893119,Low
GSM1602852,Mars1,Discovery,0.15574037621869985,Low
GSM1602853,Mars3,Discovery,0.14239820842912723,Low
GSM1602855,Mars2,Discovery,0.05185851914726566,Low
GSM1602856,Mars3,Discovery,0.04288531560486059,Low
GSM1602857,Mars3,Discovery,0.4007787791222925,High
GSM1602858,Mars2,Discovery,0.3574964955955707,High
GSM1602859,Mars2,Discovery,0.027794606540268982,Low
GSM1602860,Mars3,Discovery,0.18530894623070668,Low
GSM1602861,Mars2,Discovery,0.32756081836063033,High
GSM1602863,Mars2,Discovery,0.11015513654445637,Low
GSM1602866,Mars4,Discovery,0.04109044396456576,Low
GSM1602868,Mars4,Discovery,0.06345400844666858,Low
GSM1602869,Mars1,Discovery,0.42628578965782893,High
GSM1602873,Mars2,Discovery,0.049998332729126536,Low
GSM1602878,Mars1,Discovery,0.21965702931865178,Low
GSM1602879,Mars3,Discovery,0.17178314610732637,Low
GSM1602880,Mars3,Discovery,0.3618084754398541,High
GSM1602881,Mars3,Discovery,0.06471304706813606,Low
GSM1602882,Mars3,Discovery,0.29303425954774676,Low
GSM1602883,Mars2,Discovery,0.13002044009656824,Low
GSM1602885,Mars2,Discovery,0.19784890067772165,Low
GSM1602886,Mars3,Discovery,0.03908775926894327,Low
GSM1602888,Mars3,Discovery,0.12101503072205941,Low
GSM1602889,Mars2,Discovery,0.1268012471767779,Low
GSM1602902,Mars2,Discovery,0.3981383761042203,High
GSM1602903,Mars1,Discovery,0.496651953801849,High
GSM1602906,Mars3,Discovery,0.14125156749699574,Low
GSM1602907,Mars4,Discovery,0.1886633178519404,Low
GSM1602908,Mars1,Discovery,0.37083203860942293,High
GSM1602912,Mars3,Discovery,0.08091390026855882,Low
GSM1602921,Mars4,Discovery,0.21280251395284724,Low
GSM1602922,Mars2,Discovery,0.33069688796707924,High
GSM1602923,Mars2,Discovery,0.06746274220738804,Low
GSM1602924,Mars2,Discovery,0.23882563098998422,Low
GSM1602925,Mars4,Discovery,0.27754849606145693,Low
GSM1602927,Mars4,Discovery,0.12186184359580671,Low
GSM1602928,Mars2,Discovery,0.23530276624980687,Low
GSM1602929,Mars2,Discovery,0.32899080536297104,High
GSM1602930,Mars3,Discovery,0.05863768568420241,Low
GSM1602931,Mars4,Discovery,0.44085838671611915,High
GSM1602932,Mars2,Discovery,0.20559874336140516,Low
GSM1602933,Mars1,Discovery,0.18841789342872003,Low
GSM1602934,Mars4,Discovery,0.2882107509546893,Low
GSM1602935,Mars1,Discovery,0.5264323401411998,High
GSM1602936,Mars2,Discovery,0.3159313472916757,Low
GSM1602937,Mars1,Discovery,0.20827851603115782,Low
GSM1602940,Mars1,Discovery,0.6627346985070849,High
GSM1602942,Mars2,Discovery,0.09402921060556188,Low
GSM1602943,Mars3,Discovery,0.08197018428199378,Low
GSM1602944,Mars3,Discovery,0.24584522359860408,Low
GSM1602945,Mars4,Discovery,0.05401983826826054,Low
GSM1602946,Mars2,Discovery,0.17837267854702113,Low
GSM1602950,Mars3,Discovery,0.05899682099272382,Low
GSM1602952,Mars3,Discovery,0.1398057563331862,Low
GSM1602953,Mars1,Discovery,0.41971778779992625,High
GSM1602958,Mars4,Discovery,0.6333144104184916,High
GSM1602968,Mars1,Discovery,0.2894929567339939,Low
GSM1602973,Mars1,Discovery,0.49900487385222103,High
GSM1602974,Mars1,Discovery,0.8932610413543352,High
GSM1602975,Mars2,Discovery,0.11180660211794535,Low
GSM1602976,Mars1,Discovery,0.6114902872267156,High
GSM1691861,Mars1,Validation,0.3216244060790982,High
GSM1691863,Mars2,Validation,0.07670184817532472,Low
GSM1691864,Mars3,Validation,0.17660220888587502,Low
GSM1691865,Mars2,Validation,0.7109937948962651,High
GSM1691866,Mars1,Validation,0.16574330361550052,Low
GSM1691867,Mars1,Validation,0.20514500427269325,Low
GSM1691868,Mars1,Validation,0.5958063138757307,High
GSM1691871,Mars2,Validation,0.2274377978006805,Low
GSM1691873,Mars3,Validation,0.20677695512980937,Low
GSM1691874,Mars4,Validation,0.09974119012580455,Low
GSM1691875,Mars2,Validation,0.09265207681431878,Low
GSM1691877,Mars1,Validation,0.20382996312054955,Low
GSM1691878,Mars2,Validation,0.18513592679842497,Low
GSM1691880,Mars1,Validation,0.28322924474112293,Low
GSM1691882,Mars2,Validation,0.08730141901162002,Low
GSM1691883,Mars4,Validation,0.15184844133227945,Low
GSM1691884,Mars3,Validation,0.18693713242267865,Low
GSM1691885,Mars2,Validation,0.07775973587200795,Low
GSM1691886,Mars4,Validation,0.04115517605015791,Low
GSM1691890,Mars4,Validation,0.03838199633247837,Low
GSM1691893,Mars1,Validation,0.24766154007345764,Low
GSM1691895,Mars3,Validation,0.019383032677582835,Low
GSM1691896,Mars3,Validation,0.24690458189054343,Low
GSM1691897,Mars3,Validation,0.22870312346580476,Low
GSM1691898,Mars1,Validation,0.036661721761265066,Low
GSM1691900,Mars3,Validation,0.2948377588118349,Low
GSM1691901,Mars2,Validation,0.3341485726610668,High
GSM1691903,Mars1,Validation,0.2305724274373217,Low
GSM1691904,Mars2,Validation,0.04140462827079707,Low
GSM1691905,Mars3,Validation,0.09225094683625447,Low
GSM1691909,Mars2,Validation,0.042916090362180755,Low
GSM1691911,Mars3,Validation,0.035228887164369296,Low
GSM1691915,Mars2,Validation,0.048807110452615134,Low
GSM1691918,Mars2,Validation,0.16085368632403926,Low
GSM1691923,Mars3,Validation,0.10046890606365393,Low
GSM1691925,Mars2,Validation,0.02953730009029251,Low
GSM1691927,Mars2,Validation,0.32844913820382404,High
GSM1691928,Mars3,Validation,0.14495792360280527,Low
GSM1691929,Mars3,Validation,0.09113929292643345,Low
GSM1691932,Mars1,Validation,0.36352901190841835,High
GSM1691933,Mars2,Validation,0.4433226198363735,High
GSM1691934,Mars4,Validation,0.027393976292713725,Low
GSM1691935,Mars2,Validation,0.44231348906755547,High
GSM1691937,Mars1,Validation,0.03955253953033778,Low
GSM1691938,Mars3,Validation,0.07391008291330527,Low
GSM1691941,Mars2,Validation,0.22979968175693596,Low
GSM1691942,Mars1,Validation,0.24491812464512194,Low
GSM1691943,Mars1,Validation,0.2075773072538164,Low
GSM1691944,Mars3,Validation,0.0792301854207837,Low
GSM1691946,Mars3,Validation,0.01929330663037951,Low
GSM1691947,Mars2,Validation,0.0035216104377374397,Low
GSM1691953,Mars2,Validation,0.028158536424507347,Low
GSM1691954,Mars2,Validation,0.0431782774700087,Low
GSM1691957,Mars1,Validation,0.0360372153335913,Low
GSM1691959,Mars2,Validation,0.026066029217001747,Low
GSM1691960,Mars3,Validation,0.016272673077535358,Low
GSM1691961,Mars4,Validation,0.045974440887184366,Low
GSM1691962,Mars3,Validation,0.01400075734134549,Low
GSM1691963,Mars4,Validation,0.023699738144985216,Low
GSM1691965,Mars2,Validation,0.08066221062835317,Low
GSM1691966,Mars1,Validation,0.20726075519673667,Low
GSM1691968,Mars2,Validation,0.028802763160390224,Low
GSM1691969,Mars1,Validation,0.015212844564596817,Low
GSM1691970,Mars1,Validation,0.028507391439244884,Low
GSM1691973,Mars4,Validation,0.020873435598626575,Low
GSM1691977,Mars4,Validation,0.07248337135436454,Low
GSM1691980,Mars1,Validation,0.14456679016579754,Low
GSM1691981,Mars1,Validation,0.08708878484240819,Low
GSM1691983,Mars2,Validation,0.04155918039292978,Low
GSM1691984,Mars1,Validation,0.5504206676884889,High
GSM1691985,Mars2,Validation,0.03483799400514879,Low
GSM1691986,Mars2,Validation,0.010388076766714388,Low
GSM1691987,Mars2,Validation,0.07940666301155329,Low
GSM1691989,Mars3,Validation,0.04127980090324125,Low
GSM1691990,Mars2,Validation,0.02722700635746041,Low
GSM1691991,Mars2,Validation,0.006794736907557745,Low
GSM1691992,Mars2,Validation,0.02013408984929978,Low
GSM1691993,Mars3,Validation,0.009935107719626201,Low
GSM1691994,Mars2,Validation,0.12014185268473948,Low
GSM1691995,Mars1,Validation,0.01782156482457671,Low
GSM1691997,Mars4,Validation,0.02904733664045753,Low
GSM1692000,Mars3,Validation,0.017404737030925734,Low
GSM1692002,Mars2,Validation,0.007494717054188296,Low
GSM1692004,Mars4,Validation,0.012560302645234722,Low
GSM1692005,Mars3,Validation,0.008710539919696898,Low
GSM1692006,Mars1,Validation,0.3478271639272304,High
GSM1692007,Mars2,Validation,0.010160952214329097,Low
GSM1692008,Mars1,Validation,0.1065595590208361,Low
GSM1692009,Mars2,Validation,0.007110534563288357,Low
GSM1692011,Mars1,Validation,0.17235464325441535,Low
GSM1692012,Mars1,Validation,0.11342182190440735,Low
GSM1692016,Mars4,Validation,0.052260569948671336,Low
GSM1692017,Mars2,Validation,0.05019008385951859,Low
GSM1692019,Mars1,Validation,0.04506329338282051,Low
GSM1692022,Mars1,Validation,0.12164989479521218,Low
GSM1692023,Mars1,Validation,0.049360448460350835,Low
GSM1692024,Mars1,Validation,0.2266042748459147,Low
GSM1692025,Mars3,Validation,0.027630076268887395,Low
GSM1692029,Mars1,Validation,0.06578110766483411,Low
GSM1692030,Mars1,Validation,0.1856628282360423,Low
GSM1692032,Mars1,Validation,0.04788486325163996,Low
GSM1692033,Mars3,Validation,0.04014787210018531,Low
GSM1692034,Mars2,Validation,0.03437415286287785,Low
GSM1692035,Mars3,Validation,0.02328921153945374,Low
GSM1692038,Mars1,Validation,0.16531474921514647,Low
GSM1692040,Mars4,Validation,0.02925270714172065,Low
GSM1692041,Mars3,Validation,0.04266518940501727,Low
GSM1692042,Mars3,Validation,0.10867172107838464,Low
GSM1692043,Mars1,Validation,0.05100835398335701,Low
GSM1692045,Mars2,Validation,0.08496819817460115,Low
GSM1692047,Mars2,Validation,0.0650379351946834,Low
GSM1692050,Mars2,Validation,0.061049468850563234,Low
GSM1692051,Mars1,Validation,0.09390504941244426,Low
GSM1692052,Mars2,Validation,0.006012474313430542,Low
GSM1692055,Mars4,Validation,0.012039574513709008,Low
GSM1692056,Mars1,Validation,0.2758062438819715,Low
GSM1692058,Mars2,Validation,0.1127959360880515,Low
GSM1692059,Mars2,Validation,0.028383427069031568,Low
GSM1692060,Mars1,Validation,0.06853304565657029,Low
GSM1692061,Mars2,Validation,0.10186750777484947,Low
GSM1692063,Mars4,Validation,0.011825587679789015,Low
GSM1692064,Mars1,Validation,0.0141023476729957,Low
GSM1692065,Mars1,Validation,0.03173556107375879,Low
GSM1692066,Mars4,Validation,0.00977394939024996,Low
GSM1692068,Mars3,Validation,0.016300348772775367,Low
GSM1692071,Mars2,Validation,0.08188995270588821,Low
GSM1692073,Mars4,Validation,0.10020226982546468,Low
GSM1692074,Mars2,Validation,0.02907745115794854,Low
GSM1692077,Mars3,Validation,0.012648630393495838,Low
GSM1692079,Mars4,Validation,0.03486790574501933,Low
GSM1692081,Mars1,Validation,0.13774286609628508,Low
GSM1692084,Mars2,Validation,0.10077123310522314,Low
GSM1692086,Mars2,Validation,0.036275181974699984,Low
GSM1692087,Mars3,Validation,0.028500581102193594,Low
GSM1692089,Mars3,Validation,0.07551605316705394,Low
GSM1692092,Mars3,Validation,0.11806812201271161,Low
GSM1692093,Mars3,Validation,0.03137174800557947,Low
GSM1692094,Mars3,Validation,0.013733892847859235,Low
GSM1692096,Mars2,Validation,0.10517682285863873,Low
GSM1692099,Mars4,Validation,0.13175111727468813,Low
GSM1692100,Mars1,Validation,0.09214114426423627,Low
GSM1692101,Mars4,Validation,0.07468128723406739,Low
GSM1692103,Mars2,Validation,0.01956450404654823,Low
GSM1692105,Mars1,Validation,0.06051253950488468,Low
GSM1692107,Mars2,Validation,0.0427368131469084,Low
GSM1692108,Mars2,Validation,0.015987579600890058,Low
GSM1692109,Mars1,Validation,0.03643715370684356,Low
GSM1692112,Mars2,Validation,0.07745842427692134,Low
GSM1692114,Mars2,Validation,0.035949605386409546,Low
GSM1692115,Mars1,Validation,0.1972217190115061,Low
GSM1692116,Mars3,Validation,0.05337215483707566,Low
GSM1692117,Mars2,Validation,0.012493702834770361,Low
GSM1692118,Mars4,Validation,0.10987577477754523,Low
GSM1692119,Mars1,Validation,0.047117211505321305,Low
GSM1692121,Mars2,Validation,0.024893562653290978,Low
GSM1692123,Mars1,Validation,0.05379792628833486,Low
GSM1692124,Mars1,Validation,0.29556313758319275,Low
GSM1692125,Mars3,Validation,0.01583353404387854,Low
GSM1692126,Mars2,Validation,0.07286424149333548,Low
GSM1692127,Mars3,Validation,0.037911464699711926,Low
GSM1692130,Mars3,Validation,0.04634322822741285,Low
GSM1692132,Mars2,Validation,0.006950978253504043,Low
GSM1692133,Mars1,Validation,0.011385982170627109,Low
GSM1692136,Mars1,Validation,0.46023528142711445,High
GSM1692137,Mars2,Validation,0.02779820582629861,Low
GSM1692138,Mars2,Validation,0.08096281928443597,Low
GSM1692139,Mars2,Validation,0.2866687548523949,Low
GSM1692140,Mars2,Validation,0.18221675881926414,Low
GSM1692141,Mars2,Validation,0.046906456173053,Low
GSM1692142,Mars1,Validation,0.0492511237832961,Low
GSM1692143,Mars4,Validation,0.053299770827837184,Low
GSM1692144,Mars4,Validation,0.01353541163228749,Low
GSM1692145,Mars4,Validation,0.026908420711773677,Low
GSM1692146,Mars2,Validation,0.07338590741805427,Low
GSM1692148,Mars2,Validation,0.014856287732051648,Low
GSM1692149,Mars2,Validation,0.039114719575897614,Low
GSM1692151,Mars1,Validation,0.01959885959754876,Low
GSM1692153,Mars2,Validation,0.014673305679898472,Low
GSM1692156,Mars2,Validation,0.006999430902297412,Low
GSM1692157,Mars3,Validation,0.03303384440502909,Low
GSM1692158,Mars4,Validation,0.038551995924417985,Low
GSM1692160,Mars1,Validation,0.7802263658408501,High
GSM1692162,Mars1,Validation,0.0605386694128875,Low
GSM1692163,Mars1,Validation,0.024857627191071995,Low
GSM1692165,Mars1,Validation,0.03487264340855789,Low
GSM1692166,Mars2,Validation,0.13572350053777865,Low
GSM1692167,Mars2,Validation,0.012542166309054437,Low
GSM1692168,Mars3,Validation,0.006052582742848073,Low
GSM1692169,Mars3,Validation,0.046506627011440906,Low
GSM1692170,Mars1,Validation,0.025914272675053144,Low
GSM1692172,Mars4,Validation,0.008625249316917216,Low
GSM1692174,Mars1,Validation,0.10381430516817547,Low
GSM1692175,Mars3,Validation,0.0958398759339197,Low
GSM1692181,Mars1,Validation,0.02080247738313246,Low
GSM1692182,Mars2,Validation,0.0068356909127882315,Low
GSM1692184,Mars2,Validation,0.029021866984472677,Low
GSM1692186,Mars2,Validation,0.048609010899073775,Low
GSM1692187,Mars2,Validation,0.008598688696855289,Low
GSM1692188,Mars1,Validation,0.1811782209730122,Low
GSM1692190,Mars1,Validation,0.020383298014309048,Low
GSM1692191,Mars2,Validation,0.019111897826609194,Low
GSM1692192,Mars2,Validation,0.029343171695874432,Low
GSM1692193,Mars3,Validation,0.01970859539000278,Low
GSM1692196,Mars2,Validation,0.003917730121321501,Low
GSM1692197,Mars3,Validation,0.037085834576118845,Low
GSM1692198,Mars2,Validation,0.04868890973090066,Low
GSM1692199,Mars2,Validation,0.027448444591675804,Low
GSM1692201,Mars1,Validation,0.06674487888973063,Low
GSM1692202,Mars3,Validation,0.022065843625918707,Low
GSM1692203,Mars2,Validation,0.019526292738366542,Low
GSM1692204,Mars2,Validation,0.052066962592098434,Low
GSM1692205,Mars1,Validation,0.02357227705697112,Low
GSM1692206,Mars3,Validation,0.011918323585633257,Low
GSM1692207,Mars1,Validation,0.12451386871154889,Low
GSM1692209,Mars3,Validation,0.012754620552563576,Low
GSM1692211,Mars3,Validation,0.01292939724272554,Low
GSM1692212,Mars2,Validation,0.032016033092355164,Low
GSM1692213,Mars1,Validation,0.1818016512715227,Low
GSM1692214,Mars1,Validation,0.0333954153061812,Low
GSM1692216,Mars3,Validation,0.0068928246365940315,Low
GSM1692217,Mars2,Validation,0.004770901022415631,Low
GSM1692221,Mars3,Validation,0.02517076282329429,Low
GSM1692222,Mars3,Validation,0.019689738126203046,Low
GSM1692223,Mars2,Validation,0.01631573806655228,Low
GSM1692224,Mars2,Validation,0.06267083232541427,Low
GSM1692225,Mars3,Validation,0.018278501873256373,Low
GSM1692226,Mars4,Validation,0.00967594300831502,Low
GSM1692227,Mars3,Validation,0.0063335708172632356,Low
GSM1692228,Mars4,Validation,0.03064905856560228,Low
GSM1692230,Mars1,Validation,0.021444611034857446,Low
GSM1692232,Mars2,Validation,0.017072824655062803,Low
GSM1692238,Mars1,Validation,0.14407357910811458,Low
GSM1692240,Mars2,Validation,0.03127847180102614,Low
GSM1692241,Mars2,Validation,0.02585105154881822,Low
GSM1692242,Mars3,Validation,0.026423028107421035,Low
GSM1692243,Mars2,Validation,0.0401053607270483,Low
GSM1692244,Mars1,Validation,0.03350764795968643,Low
GSM1692245,Mars3,Validation,0.04942991854282862,Low
GSM1692247,Mars3,Validation,0.11033149080239091,Low
GSM1692251,Mars1,Validation,0.2040745090137239,Low
GSM1692255,Mars1,Validation,0.0704562471250308,Low
GSM1692257,Mars2,Validation,0.06613417720611392,Low
GSM1692258,Mars1,Validation,0.1585219029054001,Low
GSM1692259,Mars2,Validation,0.03660799436161593,Low
GSM1692260,Mars2,Validation,0.009992416975083076,Low
GSM1692261,Mars2,Validation,0.34886384445632457,High
GSM1692264,Mars2,Validation,0.07759903374563218,Low
GSM1692266,Mars3,Validation,0.10993671318735278,Low
GSM1692268,Mars2,Validation,0.12701597945211238,Low
GSM1692269,Mars4,Validation,0.11286650856998208,Low
GSM1692271,Mars1,Validation,0.2731419940358741,Low
GSM1692272,Mars4,Validation,0.35180394127229403,High
GSM1692274,Mars1,Validation,0.16759345441876464,Low
GSM1692277,Mars1,Validation,0.04091160487162336,Low
GSM1692278,Mars2,Validation,0.21372202182366323,Low
GSM1692279,Mars3,Validation,0.2947794933502116,Low
GSM1692284,Mars2,Validation,0.1237875032499093,Low
GSM1692286,Mars3,Validation,0.08594721447568897,Low
GSM1692289,Mars2,Validation,0.2531216701900313,Low
GSM1692291,Mars3,Validation,0.15415792466050368,Low
GSM1692292,Mars3,Validation,0.16766971705788644,Low
GSM1692294,Mars1,Validation,0.20691420184472184,Low
GSM1692296,Mars2,Validation,0.059013105167827914,Low
GSM1692298,Mars3,Validation,0.0856665404091147,Low
GSM1692299,Mars1,Validation,0.41963408680855047,High
GSM1692300,Mars3,Validation,0.09153322136437432,Low
GSM1692301,Mars1,Validation,0.6472905202797142,High
GSM1692302,Mars2,Validation,0.07301648364514335,Low
GSM1692303,Mars2,Validation,0.09933552126984505,Low
GSM1692304,Mars2,Validation,0.11105351581730075,Low
GSM1692305,Mars1,Validation,0.2290156115253074,Low
GSM1692308,Mars2,Validation,0.09193620712642017,Low
GSM1692309,Mars2,Validation,0.06045820231797538,Low
GSM1692311,Mars3,Validation,0.1598998930596872,Low
GSM1692312,Mars1,Validation,0.5632216515450875,High
GSM1692315,Mars3,Validation,0.14715586079681975,Low
GSM1692316,Mars2,Validation,0.08862771509682703,Low
GSM1692317,Mars3,Validation,0.25519535508957614,Low
GSM1692318,Mars2,Validation,0.06263422973087114,Low
GSM1692319,Mars2,Validation,0.1767000125096249,Low
GSM1692322,Mars1,Validation,0.28512922637302013,Low
GSM1692326,Mars4,Validation,0.1569792422104053,Low
GSM1692327,Mars4,Validation,0.09092188829928725,Low
GSM1692329,Mars2,Validation,0.7325312063225162,High
GSM1692330,Mars1,Validation,0.20467932724320195,Low
GSM1692331,Mars4,Validation,0.08013911218160118,Low
GSM1692332,Mars2,Validation,0.13971224686710573,Low
GSM1692335,Mars1,Validation,0.1939443320980726,Low
GSM1692336,Mars1,Validation,0.35034003261915814,High
GSM1692337,Mars2,Validation,0.17524404757612,Low
GSM1692338,Mars3,Validation,0.13951931962124028,Low
GSM1692340,Mars3,Validation,0.09309088662542005,Low
GSM1692343,Mars2,Validation,0.10609390457824872,Low
GSM1692347,Mars1,Validation,0.19290772311394747,Low
GSM1692348,Mars1,Validation,0.4323375098088109,High
GSM1692350,Mars1,Validation,0.4406512542785968,High
GSM1692352,Mars3,Validation,0.038900437907673606,Low
GSM1692355,Mars3,Validation,0.08022269982145622,Low
GSM1692356,Mars2,Validation,0.07320699002325824,Low
GSM1692357,Mars2,Validation,0.0761258591914157,Low
GSM1692360,Mars4,Validation,0.27384893607820004,Low
GSM1692361,Mars2,Validation,0.053534182292254345,Low
GSM1692362,Mars2,Validation,0.08095493548495568,Low
GSM1692364,Mars2,Validation,0.06643230302470761,Low
GSM1692366,Mars3,Validation,0.028610340568644164,Low
GSM1692369,Mars1,Validation,0.1662239365183796,Low
GSM1692373,Mars1,Validation,0.10550624742862147,Low
GSM1692374,Mars2,Validation,0.12590681911570104,Low
GSM1692375,Mars4,Validation,0.09709728138532187,Low
GSM1692376,Mars3,Validation,0.2786488083330233,Low
GSM1692377,Mars3,Validation,0.05365075432990708,Low
GSM1692379,Mars2,Validation,0.11237036611361206,Low
GSM1692381,Mars2,Validation,0.07934010282379227,Low
GSM1692384,Mars1,Validation,0.422291859524405,High
GSM1692386,Mars2,Validation,0.042443461036641206,Low
GSM1692387,Mars1,Validation,0.07878069646322332,Low
GSM1692388,Mars2,Validation,0.14831369187660773,Low
GSM1692389,Mars3,Validation,0.09059789333095782,Low
GSM1692391,Mars2,Validation,0.04360876202541154,Low
GSM1692392,Mars3,Validation,0.12212337867408352,Low
GSM1692393,Mars3,Validation,0.028011083306509345,Low
GSM1692394,Mars1,Validation,0.13897662402614222,Low
GSM1692395,Mars1,Validation,0.36987488979870237,High
GSM1692397,Mars2,Validation,0.10843735299856384,Low
GSM1692399,Mars1,Validation,0.12726734640021117,Low
GSM1692400,Mars3,Validation,0.005931009190734866,Low
GSM1692404,Mars2,Validation,0.07710945427644934,Low
GSM1692406,Mars3,Validation,0.033287402805891424,Low
GSM1692407,Mars3,Validation,0.04412268703968413,Low
GSM1692408,Mars2,Validation,0.04815534226874522,Low
GSM1692410,Mars1,Validation,0.06446648901124197,Low
GSM1692412,Mars1,Validation,0.23719591077193783,Low
GSM1692413,Mars4,Validation,0.049531888867457935,Low
GSM1692414,Mars1,Validation,0.06244572785903801,Low
GSM1692415,Mars2,Validation,0.1290305240872516,Low
GSM1692416,Mars1,Validation,0.1273011343222879,Low
GSM1692417,Mars1,Validation,0.13223932423720186,Low
GSM1692418,Mars4,Validation,0.2542919298141741,Low
GSM1692420,Mars3,Validation,0.2747850161763884,Low
GSM1692421,Mars4,Validation,0.008498636359908102,Low
GSM1692422,Mars1,Validation,0.02503832124406054,Low
GSM1692423,Mars3,Validation,0.16919469091977715,Low
GSM1692424,Mars2,Validation,0.057873560852341244,Low
GSM1692425,Mars4,Validation,0.07435317657354458,Low
GSM1692427,Mars1,Validation,0.07116999810809506,Low
GSM1692428,Mars2,Validation,0.08859118877548712,Low
GSM1692429,Mars1,Validation,0.11511832894754881,Low
GSM1692430,Mars1,Validation,0.08908449488669608,Low
GSM1692436,Mars3,Validation,0.01113413175027363,Low
GSM1692437,Mars3,Validation,0.35103946033195,High
GSM1692438,Mars2,Validation,0.05242247691705198,Low
GSM1692439,Mars3,Validation,0.026463232101078996,Low
GSM1692440,Mars2,Validation,0.23503990590820473,Low
GSM1692441,Mars1,Validation,0.06215900804613755,Low
GSM1692443,Mars2,Validation,0.010557117695712407,Low
GSM1692445,Mars2,Validation,0.06238351859619204,Low
GSM1692446,Mars1,Validation,0.03948799153010526,Low
GSM1692448,Mars2,Validation,0.227651153200392,Low
GSM1692452,Mars1,Validation,0.0806195460670723,Low
GSM1692453,Mars1,Validation,0.48786052295699006,High
GSM1692454,Mars2,Validation,0.06460620949159467,Low
GSM1692455,Mars3,Validation,0.029334286902363137,Low
GSM1692458,Mars1,Validation,0.4935397141596345,High
GSM1692459,Mars1,Validation,0.5058431930139742,High
GSM1692461,Mars3,Validation,0.10553390640541588,Low
GSM1692465,Mars2,Validation,0.12549182364190004,Low
GSM1692466,Mars3,Validation,0.28006718373904504,Low
GSM1692467,Mars2,Validation,0.23197047996601117,Low
GSM1692478,Mars1,Validation,0.2631447140788024,Low
GSM1692482,Mars4,Validation,0.07661101115707583,Low
GSM1692484,Mars1,Validation,0.20242848835545488,Low
GSM1692488,Mars3,Validation,0.010671247780762227,Low
GSM1692489,Mars3,Validation,0.2681601184555641,Low
GSM1692491,Mars3,Validation,0.09226167592851559,Low
GSM1692492,Mars3,Validation,0.023177688055619303,Low
GSM1692493,Mars2,Validation,0.012306307268604044,Low
GSM1692494,Mars1,Validation,0.08665729569939302,Low
GSM1692498,Mars1,Validation,0.051478730338824406,Low
GSM1692499,Mars2,Validation,0.24014332941361344,Low
GSM1692501,Mars3,Validation,0.08623657610548888,Low
