threshold,TP,TN,FP,FN,sensitivity,specificity,Youden,accuracy
0.0,82,0,21,0,1.0,0.0,0.0,0.7961165048543689
0.001001001001001001,82,1,20,0,1.0,0.047619047619047616,0.04761904761904767,0.8058252427184466
0.002002002002002002,82,1,20,0,1.0,0.047619047619047616,0.04761904761904767,0.8058252427184466
0.003003003003003003,82,1,20,0,1.0,0.047619047619047616,0.04761904761904767,0.8058252427184466
0.004004004004004004,82,1,20,0,1.0,0.047619047619047616,0.04761904761904767,0.8058252427184466
0.005005005005005005,82,1,20,0,1.0,0.047619047619047616,0.04761904761904767,0.8058252427184466
0.006006006006006006,82,2,19,0,1.0,0.09523809523809523,0.09523809523809534,0.8155339805825242
0.007007007007007007,82,2,19,0,1.0,0.09523809523809523,0.09523809523809534,0.8155339805825242
0.008008008008008008,82,2,19,0,1.0,0.09523809523809523,0.09523809523809534,0.8155339805825242
0.009009009009009009,82,2,19,0,1.0,0.09523809523809523,0.09523809523809534,0.8155339805825242
0.01001001001001001,82,2,19,0,1.0,0.09523809523809523,0.09523809523809534,0.8155339805825242
0.011011011011011011,82,2,19,0,1.0,0.09523809523809523,0.09523809523809534,0.8155339805825242
0.012012012012012012,82,2,19,0,1.0,0.09523809523809523,0.09523809523809534,0.8155339805825242
0.013013013013013013,82,2,19,0,1.0,0.09523809523809523,0.09523809523809534,0.8155339805825242
0.014014014014014014,82,2,19,0,1.0,0.09523809523809523,0.09523809523809534,0.8155339805825242
0.015015015015015015,82,2,19,0,1.0,0.09523809523809523,0.09523809523809534,0.8155339805825242
0.016016016016016016,82,2,19,0,1.0,0.09523809523809523,0.09523809523809534,0.8155339805825242
0.017017017017017015,82,2,19,0,1.0,0.09523809523809523,0.09523809523809534,0.8155339805825242
0.018018018018018018,82,2,19,0,1.0,0.09523809523809523,0.09523809523809534,0.8155339805825242
0.01901901901901902,82,2,19,0,1.0,0.09523809523809523,0.09523809523809534,0.8155339805825242
0.02002002002002002,82,2,19,0,1.0,0.09523809523809523,0.09523809523809534,0.8155339805825242
0.02102102102102102,82,3,18,0,1.0,0.14285714285714285,0.1428571428571428,0.8252427184466019
0.022022022022022022,82,3,18,0,1.0,0.14285714285714285,0.1428571428571428,0.8252427184466019
0.023023023023023025,82,3,18,0,1.0,0.14285714285714285,0.1428571428571428,0.8252427184466019
0.024024024024024024,82,3,18,0,1.0,0.14285714285714285,0.1428571428571428,0.8252427184466019
0.025025025025025023,82,3,18,0,1.0,0.14285714285714285,0.1428571428571428,0.8252427184466019
0.026026026026026026,82,3,18,0,1.0,0.14285714285714285,0.1428571428571428,0.8252427184466019
0.02702702702702703,82,3,18,0,1.0,0.14285714285714285,0.1428571428571428,0.8252427184466019
0.028028028028028028,82,3,18,0,1.0,0.14285714285714285,0.1428571428571428,0.8252427184466019
0.029029029029029027,82,3,18,0,1.0,0.14285714285714285,0.1428571428571428,0.8252427184466019
0.03003003003003003,82,3,18,0,1.0,0.14285714285714285,0.1428571428571428,0.8252427184466019
0.031031031031031032,82,4,17,0,1.0,0.19047619047619047,0.19047619047619047,0.8349514563106796
0.03203203203203203,82,5,16,0,1.0,0.23809523809523808,0.23809523809523814,0.8446601941747572
0.03303303303303303,82,5,16,0,1.0,0.23809523809523808,0.23809523809523814,0.8446601941747572
0.03403403403403403,82,5,16,0,1.0,0.23809523809523808,0.23809523809523814,0.8446601941747572
0.035035035035035036,82,5,16,0,1.0,0.23809523809523808,0.23809523809523814,0.8446601941747572
0.036036036036036036,82,5,16,0,1.0,0.23809523809523808,0.23809523809523814,0.8446601941747572
0.037037037037037035,82,5,16,0,1.0,0.23809523809523808,0.23809523809523814,0.8446601941747572
0.03803803803803804,82,5,16,0,1.0,0.23809523809523808,0.23809523809523814,0.8446601941747572
0.03903903903903904,82,5,16,0,1.0,0.23809523809523808,0.23809523809523814,0.8446601941747572
0.04004004004004004,82,5,16,0,1.0,0.23809523809523808,0.23809523809523814,0.8446601941747572
0.04104104104104104,82,5,16,0,1.0,0.23809523809523808,0.23809523809523814,0.8446601941747572
0.04204204204204204,82,5,16,0,1.0,0.23809523809523808,0.23809523809523814,0.8446601941747572
0.043043043043043044,82,5,16,0,1.0,0.23809523809523808,0.23809523809523814,0.8446601941747572
0.044044044044044044,82,5,16,0,1.0,0.23809523809523808,0.23809523809523814,0.8446601941747572
0.04504504504504504,82,5,16,0,1.0,0.23809523809523808,0.23809523809523814,0.8446601941747572
0.04604604604604605,82,5,16,0,1.0,0.23809523809523808,0.23809523809523814,0.8446601941747572
0.04704704704704705,82,5,16,0,1.0,0.23809523809523808,0.23809523809523814,0.8446601941747572
0.04804804804804805,82,5,16,0,1.0,0.23809523809523808,0.23809523809523814,0.8446601941747572
0.04904904904904905,82,5,16,0,1.0,0.23809523809523808,0.23809523809523814,0.8446601941747572
0.050050050050050046,82,5,16,0,1.0,0.23809523809523808,0.23809523809523814,0.8446601941747572
0.05105105105105105,82,5,16,0,1.0,0.23809523809523808,0.23809523809523814,0.8446601941747572
0.05205205205205205,82,5,16,0,1.0,0.23809523809523808,0.23809523809523814,0.8446601941747572
0.05305305305305305,82,5,16,0,1.0,0.23809523809523808,0.23809523809523814,0.8446601941747572
0.05405405405405406,82,5,16,0,1.0,0.23809523809523808,0.23809523809523814,0.8446601941747572
0.055055055055055056,82,5,16,0,1.0,0.23809523809523808,0.23809523809523814,0.8446601941747572
0.056056056056056056,82,5,16,0,1.0,0.23809523809523808,0.23809523809523814,0.8446601941747572
0.057057057057057055,82,5,16,0,1.0,0.23809523809523808,0.23809523809523814,0.8446601941747572
0.058058058058058054,82,5,16,0,1.0,0.23809523809523808,0.23809523809523814,0.8446601941747572
0.05905905905905906,82,5,16,0,1.0,0.23809523809523808,0.23809523809523814,0.8446601941747572
0.06006006006006006,82,5,16,0,1.0,0.23809523809523808,0.23809523809523814,0.8446601941747572
0.06106106106106106,82,5,16,0,1.0,0.23809523809523808,0.23809523809523814,0.8446601941747572
0.062062062062062065,82,5,16,0,1.0,0.23809523809523808,0.23809523809523814,0.8446601941747572
0.06306306306306306,82,5,16,0,1.0,0.23809523809523808,0.23809523809523814,0.8446601941747572
0.06406406406406406,82,5,16,0,1.0,0.23809523809523808,0.23809523809523814,0.8446601941747572
0.06506506506506507,82,5,16,0,1.0,0.23809523809523808,0.23809523809523814,0.8446601941747572
0.06606606606606606,82,5,16,0,1.0,0.23809523809523808,0.23809523809523814,0.8446601941747572
0.06706706706706707,82,5,16,0,1.0,0.23809523809523808,0.23809523809523814,0.8446601941747572
0.06806806806806806,82,5,16,0,1.0,0.23809523809523808,0.23809523809523814,0.8446601941747572
0.06906906906906907,82,5,16,0,1.0,0.23809523809523808,0.23809523809523814,0.8446601941747572
0.07007007007007007,82,5,16,0,1.0,0.23809523809523808,0.23809523809523814,0.8446601941747572
0.07107107107107107,82,5,16,0,1.0,0.23809523809523808,0.23809523809523814,0.8446601941747572
0.07207207207207207,82,5,16,0,1.0,0.23809523809523808,0.23809523809523814,0.8446601941747572
0.07307307307307308,82,5,16,0,1.0,0.23809523809523808,0.23809523809523814,0.8446601941747572
0.07407407407407407,82,5,16,0,1.0,0.23809523809523808,0.23809523809523814,0.8446601941747572
0.07507507507507508,82,5,16,0,1.0,0.23809523809523808,0.23809523809523814,0.8446601941747572
0.07607607607607608,82,5,16,0,1.0,0.23809523809523808,0.23809523809523814,0.8446601941747572
0.07707707707707707,82,5,16,0,1.0,0.23809523809523808,0.23809523809523814,0.8446601941747572
0.07807807807807808,82,5,16,0,1.0,0.23809523809523808,0.23809523809523814,0.8446601941747572
0.07907907907907907,82,5,16,0,1.0,0.23809523809523808,0.23809523809523814,0.8446601941747572
0.08008008008008008,82,5,16,0,1.0,0.23809523809523808,0.23809523809523814,0.8446601941747572
0.08108108108108109,82,5,16,0,1.0,0.23809523809523808,0.23809523809523814,0.8446601941747572
0.08208208208208208,82,5,16,0,1.0,0.23809523809523808,0.23809523809523814,0.8446601941747572
0.08308308308308308,82,6,15,0,1.0,0.2857142857142857,0.2857142857142856,0.8543689320388349
0.08408408408408408,82,6,15,0,1.0,0.2857142857142857,0.2857142857142856,0.8543689320388349
0.08508508508508508,82,6,15,0,1.0,0.2857142857142857,0.2857142857142856,0.8543689320388349
0.08608608608608609,82,6,15,0,1.0,0.2857142857142857,0.2857142857142856,0.8543689320388349
0.08708708708708708,82,6,15,0,1.0,0.2857142857142857,0.2857142857142856,0.8543689320388349
0.08808808808808809,82,6,15,0,1.0,0.2857142857142857,0.2857142857142856,0.8543689320388349
0.0890890890890891,82,6,15,0,1.0,0.2857142857142857,0.2857142857142856,0.8543689320388349
0.09009009009009009,81,6,15,1,0.9878048780487805,0.2857142857142857,0.27351916376306606,0.8446601941747572
0.09109109109109109,81,6,15,1,0.9878048780487805,0.2857142857142857,0.27351916376306606,0.8446601941747572
0.0920920920920921,81,6,15,1,0.9878048780487805,0.2857142857142857,0.27351916376306606,0.8446601941747572
0.09309309309309309,81,6,15,1,0.9878048780487805,0.2857142857142857,0.27351916376306606,0.8446601941747572
0.0940940940940941,81,6,15,1,0.9878048780487805,0.2857142857142857,0.27351916376306606,0.8446601941747572
0.09509509509509509,81,6,15,1,0.9878048780487805,0.2857142857142857,0.27351916376306606,0.8446601941747572
0.0960960960960961,81,6,15,1,0.9878048780487805,0.2857142857142857,0.27351916376306606,0.8446601941747572
0.0970970970970971,81,6,15,1,0.9878048780487805,0.2857142857142857,0.27351916376306606,0.8446601941747572
0.0980980980980981,81,6,15,1,0.9878048780487805,0.2857142857142857,0.27351916376306606,0.8446601941747572
0.0990990990990991,81,6,15,1,0.9878048780487805,0.2857142857142857,0.27351916376306606,0.8446601941747572
0.10010010010010009,81,6,15,1,0.9878048780487805,0.2857142857142857,0.27351916376306606,0.8446601941747572
0.1011011011011011,81,6,15,1,0.9878048780487805,0.2857142857142857,0.27351916376306606,0.8446601941747572
0.1021021021021021,81,6,15,1,0.9878048780487805,0.2857142857142857,0.27351916376306606,0.8446601941747572
0.1031031031031031,81,6,15,1,0.9878048780487805,0.2857142857142857,0.27351916376306606,0.8446601941747572
0.1041041041041041,81,6,15,1,0.9878048780487805,0.2857142857142857,0.27351916376306606,0.8446601941747572
0.10510510510510511,81,6,15,1,0.9878048780487805,0.2857142857142857,0.27351916376306606,0.8446601941747572
0.1061061061061061,81,6,15,1,0.9878048780487805,0.2857142857142857,0.27351916376306606,0.8446601941747572
0.10710710710710711,81,6,15,1,0.9878048780487805,0.2857142857142857,0.27351916376306606,0.8446601941747572
0.10810810810810811,81,6,15,1,0.9878048780487805,0.2857142857142857,0.27351916376306606,0.8446601941747572
0.1091091091091091,81,6,15,1,0.9878048780487805,0.2857142857142857,0.27351916376306606,0.8446601941747572
0.11011011011011011,81,6,15,1,0.9878048780487805,0.2857142857142857,0.27351916376306606,0.8446601941747572
0.1111111111111111,81,6,15,1,0.9878048780487805,0.2857142857142857,0.27351916376306606,0.8446601941747572
0.11211211211211211,81,6,15,1,0.9878048780487805,0.2857142857142857,0.27351916376306606,0.8446601941747572
0.11311311311311312,81,6,15,1,0.9878048780487805,0.2857142857142857,0.27351916376306606,0.8446601941747572
0.11411411411411411,81,6,15,1,0.9878048780487805,0.2857142857142857,0.27351916376306606,0.8446601941747572
0.11511511511511512,81,6,15,1,0.9878048780487805,0.2857142857142857,0.27351916376306606,0.8446601941747572
0.11611611611611611,81,6,15,1,0.9878048780487805,0.2857142857142857,0.27351916376306606,0.8446601941747572
0.11711711711711711,81,6,15,1,0.9878048780487805,0.2857142857142857,0.27351916376306606,0.8446601941747572
0.11811811811811812,81,6,15,1,0.9878048780487805,0.2857142857142857,0.27351916376306606,0.8446601941747572
0.11911911911911911,81,6,15,1,0.9878048780487805,0.2857142857142857,0.27351916376306606,0.8446601941747572
0.12012012012012012,81,6,15,1,0.9878048780487805,0.2857142857142857,0.27351916376306606,0.8446601941747572
0.12112112112112113,81,6,15,1,0.9878048780487805,0.2857142857142857,0.27351916376306606,0.8446601941747572
0.12212212212212212,81,6,15,1,0.9878048780487805,0.2857142857142857,0.27351916376306606,0.8446601941747572
0.12312312312312312,81,6,15,1,0.9878048780487805,0.2857142857142857,0.27351916376306606,0.8446601941747572
0.12412412412412413,81,6,15,1,0.9878048780487805,0.2857142857142857,0.27351916376306606,0.8446601941747572
0.12512512512512514,81,6,15,1,0.9878048780487805,0.2857142857142857,0.27351916376306606,0.8446601941747572
0.12612612612612611,81,7,14,1,0.9878048780487805,0.3333333333333333,0.32113821138211374,0.8543689320388349
0.12712712712712712,81,7,14,1,0.9878048780487805,0.3333333333333333,0.32113821138211374,0.8543689320388349
0.12812812812812813,81,7,14,1,0.9878048780487805,0.3333333333333333,0.32113821138211374,0.8543689320388349
0.12912912912912913,81,7,14,1,0.9878048780487805,0.3333333333333333,0.32113821138211374,0.8543689320388349
0.13013013013013014,81,7,14,1,0.9878048780487805,0.3333333333333333,0.32113821138211374,0.8543689320388349
0.13113113113113112,80,7,14,2,0.975609756097561,0.3333333333333333,0.3089430894308942,0.8446601941747572
0.13213213213213212,80,7,14,2,0.975609756097561,0.3333333333333333,0.3089430894308942,0.8446601941747572
0.13313313313313313,80,7,14,2,0.975609756097561,0.3333333333333333,0.3089430894308942,0.8446601941747572
0.13413413413413414,80,7,14,2,0.975609756097561,0.3333333333333333,0.3089430894308942,0.8446601941747572
0.13513513513513514,80,7,14,2,0.975609756097561,0.3333333333333333,0.3089430894308942,0.8446601941747572
0.13613613613613612,80,7,14,2,0.975609756097561,0.3333333333333333,0.3089430894308942,0.8446601941747572
0.13713713713713713,80,7,14,2,0.975609756097561,0.3333333333333333,0.3089430894308942,0.8446601941747572
0.13813813813813813,80,8,13,2,0.975609756097561,0.38095238095238093,0.3565621370499419,0.8543689320388349
0.13913913913913914,80,8,13,2,0.975609756097561,0.38095238095238093,0.3565621370499419,0.8543689320388349
0.14014014014014015,80,8,13,2,0.975609756097561,0.38095238095238093,0.3565621370499419,0.8543689320388349
0.14114114114114115,80,8,13,2,0.975609756097561,0.38095238095238093,0.3565621370499419,0.8543689320388349
0.14214214214214213,80,8,13,2,0.975609756097561,0.38095238095238093,0.3565621370499419,0.8543689320388349
0.14314314314314314,80,8,13,2,0.975609756097561,0.38095238095238093,0.3565621370499419,0.8543689320388349
0.14414414414414414,80,8,13,2,0.975609756097561,0.38095238095238093,0.3565621370499419,0.8543689320388349
0.14514514514514515,80,8,13,2,0.975609756097561,0.38095238095238093,0.3565621370499419,0.8543689320388349
0.14614614614614616,80,8,13,2,0.975609756097561,0.38095238095238093,0.3565621370499419,0.8543689320388349
0.14714714714714713,80,8,13,2,0.975609756097561,0.38095238095238093,0.3565621370499419,0.8543689320388349
0.14814814814814814,80,8,13,2,0.975609756097561,0.38095238095238093,0.3565621370499419,0.8543689320388349
0.14914914914914915,80,8,13,2,0.975609756097561,0.38095238095238093,0.3565621370499419,0.8543689320388349
0.15015015015015015,80,8,13,2,0.975609756097561,0.38095238095238093,0.3565621370499419,0.8543689320388349
0.15115115115115116,80,8,13,2,0.975609756097561,0.38095238095238093,0.3565621370499419,0.8543689320388349
0.15215215215215216,80,8,13,2,0.975609756097561,0.38095238095238093,0.3565621370499419,0.8543689320388349
0.15315315315315314,80,8,13,2,0.975609756097561,0.38095238095238093,0.3565621370499419,0.8543689320388349
0.15415415415415415,80,8,13,2,0.975609756097561,0.38095238095238093,0.3565621370499419,0.8543689320388349
0.15515515515515516,80,8,13,2,0.975609756097561,0.38095238095238093,0.3565621370499419,0.8543689320388349
0.15615615615615616,80,8,13,2,0.975609756097561,0.38095238095238093,0.3565621370499419,0.8543689320388349
0.15715715715715717,80,8,13,2,0.975609756097561,0.38095238095238093,0.3565621370499419,0.8543689320388349
0.15815815815815815,80,8,13,2,0.975609756097561,0.38095238095238093,0.3565621370499419,0.8543689320388349
0.15915915915915915,80,8,13,2,0.975609756097561,0.38095238095238093,0.3565621370499419,0.8543689320388349
0.16016016016016016,80,8,13,2,0.975609756097561,0.38095238095238093,0.3565621370499419,0.8543689320388349
0.16116116116116116,80,8,13,2,0.975609756097561,0.38095238095238093,0.3565621370499419,0.8543689320388349
0.16216216216216217,79,8,13,3,0.9634146341463414,0.38095238095238093,0.34436701509872236,0.8446601941747572
0.16316316316316315,79,8,13,3,0.9634146341463414,0.38095238095238093,0.34436701509872236,0.8446601941747572
0.16416416416416416,79,8,13,3,0.9634146341463414,0.38095238095238093,0.34436701509872236,0.8446601941747572
0.16516516516516516,79,8,13,3,0.9634146341463414,0.38095238095238093,0.34436701509872236,0.8446601941747572
0.16616616616616617,79,8,13,3,0.9634146341463414,0.38095238095238093,0.34436701509872236,0.8446601941747572
0.16716716716716717,79,8,13,3,0.9634146341463414,0.38095238095238093,0.34436701509872236,0.8446601941747572
0.16816816816816815,79,8,13,3,0.9634146341463414,0.38095238095238093,0.34436701509872236,0.8446601941747572
0.16916916916916916,79,8,13,3,0.9634146341463414,0.38095238095238093,0.34436701509872236,0.8446601941747572
0.17017017017017017,79,8,13,3,0.9634146341463414,0.38095238095238093,0.34436701509872236,0.8446601941747572
0.17117117117117117,79,8,13,3,0.9634146341463414,0.38095238095238093,0.34436701509872236,0.8446601941747572
0.17217217217217218,79,8,13,3,0.9634146341463414,0.38095238095238093,0.34436701509872236,0.8446601941747572
0.17317317317317318,79,8,13,3,0.9634146341463414,0.38095238095238093,0.34436701509872236,0.8446601941747572
0.17417417417417416,79,8,13,3,0.9634146341463414,0.38095238095238093,0.34436701509872236,0.8446601941747572
0.17517517517517517,79,8,13,3,0.9634146341463414,0.38095238095238093,0.34436701509872236,0.8446601941747572
0.17617617617617617,79,8,13,3,0.9634146341463414,0.38095238095238093,0.34436701509872236,0.8446601941747572
0.17717717717717718,79,8,13,3,0.9634146341463414,0.38095238095238093,0.34436701509872236,0.8446601941747572
0.1781781781781782,79,8,13,3,0.9634146341463414,0.38095238095238093,0.34436701509872236,0.8446601941747572
0.17917917917917917,79,8,13,3,0.9634146341463414,0.38095238095238093,0.34436701509872236,0.8446601941747572
0.18018018018018017,79,9,12,3,0.9634146341463414,0.42857142857142855,0.39198606271777003,0.8543689320388349
0.18118118118118118,79,9,12,3,0.9634146341463414,0.42857142857142855,0.39198606271777003,0.8543689320388349
0.18218218218218218,79,9,12,3,0.9634146341463414,0.42857142857142855,0.39198606271777003,0.8543689320388349
0.1831831831831832,79,10,11,3,0.9634146341463414,0.47619047619047616,0.4396051103368177,0.8640776699029126
0.1841841841841842,78,10,11,4,0.9512195121951219,0.47619047619047616,0.4274099883855982,0.8543689320388349
0.18518518518518517,78,10,11,4,0.9512195121951219,0.47619047619047616,0.4274099883855982,0.8543689320388349
0.18618618618618618,78,10,11,4,0.9512195121951219,0.47619047619047616,0.4274099883855982,0.8543689320388349
0.1871871871871872,78,10,11,4,0.9512195121951219,0.47619047619047616,0.4274099883855982,0.8543689320388349
0.1881881881881882,78,10,11,4,0.9512195121951219,0.47619047619047616,0.4274099883855982,0.8543689320388349
0.1891891891891892,78,10,11,4,0.9512195121951219,0.47619047619047616,0.4274099883855982,0.8543689320388349
0.19019019019019018,78,10,11,4,0.9512195121951219,0.47619047619047616,0.4274099883855982,0.8543689320388349
0.19119119119119118,78,10,11,4,0.9512195121951219,0.47619047619047616,0.4274099883855982,0.8543689320388349
0.1921921921921922,78,10,11,4,0.9512195121951219,0.47619047619047616,0.4274099883855982,0.8543689320388349
0.1931931931931932,78,10,11,4,0.9512195121951219,0.47619047619047616,0.4274099883855982,0.8543689320388349
0.1941941941941942,77,10,11,5,0.9390243902439024,0.47619047619047616,0.41521486643437866,0.8446601941747572
0.19519519519519518,77,10,11,5,0.9390243902439024,0.47619047619047616,0.41521486643437866,0.8446601941747572
0.1961961961961962,77,10,11,5,0.9390243902439024,0.47619047619047616,0.41521486643437866,0.8446601941747572
0.1971971971971972,77,10,11,5,0.9390243902439024,0.47619047619047616,0.41521486643437866,0.8446601941747572
0.1981981981981982,77,10,11,5,0.9390243902439024,0.47619047619047616,0.41521486643437866,0.8446601941747572
0.1991991991991992,77,10,11,5,0.9390243902439024,0.47619047619047616,0.41521486643437866,0.8446601941747572
0.20020020020020018,77,10,11,5,0.9390243902439024,0.47619047619047616,0.41521486643437866,0.8446601941747572
0.2012012012012012,77,10,11,5,0.9390243902439024,0.47619047619047616,0.41521486643437866,0.8446601941747572
0.2022022022022022,77,10,11,5,0.9390243902439024,0.47619047619047616,0.41521486643437866,0.8446601941747572
0.2032032032032032,77,10,11,5,0.9390243902439024,0.47619047619047616,0.41521486643437866,0.8446601941747572
0.2042042042042042,77,10,11,5,0.9390243902439024,0.47619047619047616,0.41521486643437866,0.8446601941747572
0.20520520520520522,77,10,11,5,0.9390243902439024,0.47619047619047616,0.41521486643437866,0.8446601941747572
0.2062062062062062,76,10,11,6,0.926829268292683,0.47619047619047616,0.40301974448315914,0.8349514563106796
0.2072072072072072,76,11,10,6,0.926829268292683,0.5238095238095238,0.4506387921022068,0.8446601941747572
0.2082082082082082,76,12,9,6,0.926829268292683,0.5714285714285714,0.4982578397212545,0.8543689320388349
0.2092092092092092,76,12,9,6,0.926829268292683,0.5714285714285714,0.4982578397212545,0.8543689320388349
0.21021021021021022,76,12,9,6,0.926829268292683,0.5714285714285714,0.4982578397212545,0.8543689320388349
0.2112112112112112,76,12,9,6,0.926829268292683,0.5714285714285714,0.4982578397212545,0.8543689320388349
0.2122122122122122,76,12,9,6,0.926829268292683,0.5714285714285714,0.4982578397212545,0.8543689320388349
0.2132132132132132,76,12,9,6,0.926829268292683,0.5714285714285714,0.4982578397212545,0.8543689320388349
0.21421421421421422,76,12,9,6,0.926829268292683,0.5714285714285714,0.4982578397212545,0.8543689320388349
0.21521521521521522,76,13,8,6,0.926829268292683,0.6190476190476191,0.5458768873403019,0.8640776699029126
0.21621621621621623,76,13,8,6,0.926829268292683,0.6190476190476191,0.5458768873403019,0.8640776699029126
0.2172172172172172,76,13,8,6,0.926829268292683,0.6190476190476191,0.5458768873403019,0.8640776699029126
0.2182182182182182,76,13,8,6,0.926829268292683,0.6190476190476191,0.5458768873403019,0.8640776699029126
0.21921921921921922,76,13,8,6,0.926829268292683,0.6190476190476191,0.5458768873403019,0.8640776699029126
0.22022022022022023,76,13,8,6,0.926829268292683,0.6190476190476191,0.5458768873403019,0.8640776699029126
0.22122122122122123,76,13,8,6,0.926829268292683,0.6190476190476191,0.5458768873403019,0.8640776699029126
0.2222222222222222,76,13,8,6,0.926829268292683,0.6190476190476191,0.5458768873403019,0.8640776699029126
0.22322322322322322,76,13,8,6,0.926829268292683,0.6190476190476191,0.5458768873403019,0.8640776699029126
0.22422422422422422,76,13,8,6,0.926829268292683,0.6190476190476191,0.5458768873403019,0.8640776699029126
0.22522522522522523,76,13,8,6,0.926829268292683,0.6190476190476191,0.5458768873403019,0.8640776699029126
0.22622622622622623,76,13,8,6,0.926829268292683,0.6190476190476191,0.5458768873403019,0.8640776699029126
0.2272272272272272,76,13,8,6,0.926829268292683,0.6190476190476191,0.5458768873403019,0.8640776699029126
0.22822822822822822,76,13,8,6,0.926829268292683,0.6190476190476191,0.5458768873403019,0.8640776699029126
0.22922922922922923,76,13,8,6,0.926829268292683,0.6190476190476191,0.5458768873403019,0.8640776699029126
0.23023023023023023,76,13,8,6,0.926829268292683,0.6190476190476191,0.5458768873403019,0.8640776699029126
0.23123123123123124,76,13,8,6,0.926829268292683,0.6190476190476191,0.5458768873403019,0.8640776699029126
0.23223223223223222,75,13,8,7,0.9146341463414634,0.6190476190476191,0.5336817653890824,0.8543689320388349
0.23323323323323322,75,13,8,7,0.9146341463414634,0.6190476190476191,0.5336817653890824,0.8543689320388349
0.23423423423423423,75,13,8,7,0.9146341463414634,0.6190476190476191,0.5336817653890824,0.8543689320388349
0.23523523523523523,75,13,8,7,0.9146341463414634,0.6190476190476191,0.5336817653890824,0.8543689320388349
0.23623623623623624,75,13,8,7,0.9146341463414634,0.6190476190476191,0.5336817653890824,0.8543689320388349
0.23723723723723725,75,13,8,7,0.9146341463414634,0.6190476190476191,0.5336817653890824,0.8543689320388349
0.23823823823823823,75,13,8,7,0.9146341463414634,0.6190476190476191,0.5336817653890824,0.8543689320388349
0.23923923923923923,75,13,8,7,0.9146341463414634,0.6190476190476191,0.5336817653890824,0.8543689320388349
0.24024024024024024,75,13,8,7,0.9146341463414634,0.6190476190476191,0.5336817653890824,0.8543689320388349
0.24124124124124124,75,13,8,7,0.9146341463414634,0.6190476190476191,0.5336817653890824,0.8543689320388349
0.24224224224224225,75,13,8,7,0.9146341463414634,0.6190476190476191,0.5336817653890824,0.8543689320388349
0.24324324324324323,75,13,8,7,0.9146341463414634,0.6190476190476191,0.5336817653890824,0.8543689320388349
0.24424424424424424,75,13,8,7,0.9146341463414634,0.6190476190476191,0.5336817653890824,0.8543689320388349
0.24524524524524524,75,13,8,7,0.9146341463414634,0.6190476190476191,0.5336817653890824,0.8543689320388349
0.24624624624624625,74,13,8,8,0.9024390243902439,0.6190476190476191,0.5214866434378629,0.8446601941747572
0.24724724724724725,74,13,8,8,0.9024390243902439,0.6190476190476191,0.5214866434378629,0.8446601941747572
0.24824824824824826,74,13,8,8,0.9024390243902439,0.6190476190476191,0.5214866434378629,0.8446601941747572
0.24924924924924924,74,13,8,8,0.9024390243902439,0.6190476190476191,0.5214866434378629,0.8446601941747572
0.2502502502502503,74,13,8,8,0.9024390243902439,0.6190476190476191,0.5214866434378629,0.8446601941747572
0.25125125125125125,74,13,8,8,0.9024390243902439,0.6190476190476191,0.5214866434378629,0.8446601941747572
0.25225225225225223,74,13,8,8,0.9024390243902439,0.6190476190476191,0.5214866434378629,0.8446601941747572
0.25325325325325326,74,13,8,8,0.9024390243902439,0.6190476190476191,0.5214866434378629,0.8446601941747572
0.25425425425425424,74,13,8,8,0.9024390243902439,0.6190476190476191,0.5214866434378629,0.8446601941747572
0.2552552552552553,74,14,7,8,0.9024390243902439,0.6666666666666666,0.5691056910569106,0.8543689320388349
0.25625625625625625,74,14,7,8,0.9024390243902439,0.6666666666666666,0.5691056910569106,0.8543689320388349
0.25725725725725723,74,14,7,8,0.9024390243902439,0.6666666666666666,0.5691056910569106,0.8543689320388349
0.25825825825825827,74,14,7,8,0.9024390243902439,0.6666666666666666,0.5691056910569106,0.8543689320388349
0.25925925925925924,74,14,7,8,0.9024390243902439,0.6666666666666666,0.5691056910569106,0.8543689320388349
0.2602602602602603,74,14,7,8,0.9024390243902439,0.6666666666666666,0.5691056910569106,0.8543689320388349
0.26126126126126126,74,14,7,8,0.9024390243902439,0.6666666666666666,0.5691056910569106,0.8543689320388349
0.26226226226226224,74,14,7,8,0.9024390243902439,0.6666666666666666,0.5691056910569106,0.8543689320388349
0.26326326326326327,74,14,7,8,0.9024390243902439,0.6666666666666666,0.5691056910569106,0.8543689320388349
0.26426426426426425,73,14,7,9,0.8902439024390244,0.6666666666666666,0.556910569105691,0.8446601941747572
0.2652652652652653,73,14,7,9,0.8902439024390244,0.6666666666666666,0.556910569105691,0.8446601941747572
0.26626626626626626,73,14,7,9,0.8902439024390244,0.6666666666666666,0.556910569105691,0.8446601941747572
0.26726726726726724,73,14,7,9,0.8902439024390244,0.6666666666666666,0.556910569105691,0.8446601941747572
0.2682682682682683,73,14,7,9,0.8902439024390244,0.6666666666666666,0.556910569105691,0.8446601941747572
0.26926926926926925,73,14,7,9,0.8902439024390244,0.6666666666666666,0.556910569105691,0.8446601941747572
0.2702702702702703,73,15,6,9,0.8902439024390244,0.7142857142857143,0.6045296167247387,0.8543689320388349
0.27127127127127126,73,15,6,9,0.8902439024390244,0.7142857142857143,0.6045296167247387,0.8543689320388349
0.27227227227227224,73,15,6,9,0.8902439024390244,0.7142857142857143,0.6045296167247387,0.8543689320388349
0.2732732732732733,73,15,6,9,0.8902439024390244,0.7142857142857143,0.6045296167247387,0.8543689320388349
0.27427427427427425,73,15,6,9,0.8902439024390244,0.7142857142857143,0.6045296167247387,0.8543689320388349
0.2752752752752753,73,15,6,9,0.8902439024390244,0.7142857142857143,0.6045296167247387,0.8543689320388349
0.27627627627627627,73,15,6,9,0.8902439024390244,0.7142857142857143,0.6045296167247387,0.8543689320388349
0.2772772772772773,73,15,6,9,0.8902439024390244,0.7142857142857143,0.6045296167247387,0.8543689320388349
0.2782782782782783,73,15,6,9,0.8902439024390244,0.7142857142857143,0.6045296167247387,0.8543689320388349
0.27927927927927926,73,15,6,9,0.8902439024390244,0.7142857142857143,0.6045296167247387,0.8543689320388349
0.2802802802802803,73,15,6,9,0.8902439024390244,0.7142857142857143,0.6045296167247387,0.8543689320388349
0.28128128128128127,73,15,6,9,0.8902439024390244,0.7142857142857143,0.6045296167247387,0.8543689320388349
0.2822822822822823,73,15,6,9,0.8902439024390244,0.7142857142857143,0.6045296167247387,0.8543689320388349
0.2832832832832833,73,15,6,9,0.8902439024390244,0.7142857142857143,0.6045296167247387,0.8543689320388349
0.28428428428428426,73,15,6,9,0.8902439024390244,0.7142857142857143,0.6045296167247387,0.8543689320388349
0.2852852852852853,73,15,6,9,0.8902439024390244,0.7142857142857143,0.6045296167247387,0.8543689320388349
0.2862862862862863,73,15,6,9,0.8902439024390244,0.7142857142857143,0.6045296167247387,0.8543689320388349
0.2872872872872873,73,15,6,9,0.8902439024390244,0.7142857142857143,0.6045296167247387,0.8543689320388349
0.2882882882882883,73,15,6,9,0.8902439024390244,0.7142857142857143,0.6045296167247387,0.8543689320388349
0.28928928928928926,73,15,6,9,0.8902439024390244,0.7142857142857143,0.6045296167247387,0.8543689320388349
0.2902902902902903,73,15,6,9,0.8902439024390244,0.7142857142857143,0.6045296167247387,0.8543689320388349
0.2912912912912913,73,15,6,9,0.8902439024390244,0.7142857142857143,0.6045296167247387,0.8543689320388349
0.2922922922922923,73,15,6,9,0.8902439024390244,0.7142857142857143,0.6045296167247387,0.8543689320388349
0.2932932932932933,73,15,6,9,0.8902439024390244,0.7142857142857143,0.6045296167247387,0.8543689320388349
0.29429429429429427,72,15,6,10,0.8780487804878049,0.7142857142857143,0.5923344947735192,0.8446601941747572
0.2952952952952953,72,15,6,10,0.8780487804878049,0.7142857142857143,0.5923344947735192,0.8446601941747572
0.2962962962962963,72,15,6,10,0.8780487804878049,0.7142857142857143,0.5923344947735192,0.8446601941747572
0.2972972972972973,72,15,6,10,0.8780487804878049,0.7142857142857143,0.5923344947735192,0.8446601941747572
0.2982982982982983,72,15,6,10,0.8780487804878049,0.7142857142857143,0.5923344947735192,0.8446601941747572
0.29929929929929927,72,15,6,10,0.8780487804878049,0.7142857142857143,0.5923344947735192,0.8446601941747572
0.3003003003003003,72,15,6,10,0.8780487804878049,0.7142857142857143,0.5923344947735192,0.8446601941747572
0.3013013013013013,72,15,6,10,0.8780487804878049,0.7142857142857143,0.5923344947735192,0.8446601941747572
0.3023023023023023,72,15,6,10,0.8780487804878049,0.7142857142857143,0.5923344947735192,0.8446601941747572
0.3033033033033033,72,15,6,10,0.8780487804878049,0.7142857142857143,0.5923344947735192,0.8446601941747572
0.30430430430430433,72,16,5,10,0.8780487804878049,0.7619047619047619,0.6399535423925666,0.8543689320388349
0.3053053053053053,72,16,5,10,0.8780487804878049,0.7619047619047619,0.6399535423925666,0.8543689320388349
0.3063063063063063,72,16,5,10,0.8780487804878049,0.7619047619047619,0.6399535423925666,0.8543689320388349
0.3073073073073073,72,16,5,10,0.8780487804878049,0.7619047619047619,0.6399535423925666,0.8543689320388349
0.3083083083083083,72,16,5,10,0.8780487804878049,0.7619047619047619,0.6399535423925666,0.8543689320388349
0.30930930930930933,72,16,5,10,0.8780487804878049,0.7619047619047619,0.6399535423925666,0.8543689320388349
0.3103103103103103,72,16,5,10,0.8780487804878049,0.7619047619047619,0.6399535423925666,0.8543689320388349
0.3113113113113113,72,16,5,10,0.8780487804878049,0.7619047619047619,0.6399535423925666,0.8543689320388349
0.3123123123123123,71,18,3,11,0.8658536585365854,0.8571428571428571,0.7229965156794425,0.8640776699029126
0.3133133133133133,71,18,3,11,0.8658536585365854,0.8571428571428571,0.7229965156794425,0.8640776699029126
0.31431431431431434,71,18,3,11,0.8658536585365854,0.8571428571428571,0.7229965156794425,0.8640776699029126
0.3153153153153153,71,18,3,11,0.8658536585365854,0.8571428571428571,0.7229965156794425,0.8640776699029126
0.3163163163163163,71,18,3,11,0.8658536585365854,0.8571428571428571,0.7229965156794425,0.8640776699029126
0.3173173173173173,71,18,3,11,0.8658536585365854,0.8571428571428571,0.7229965156794425,0.8640776699029126
0.3183183183183183,71,18,3,11,0.8658536585365854,0.8571428571428571,0.7229965156794425,0.8640776699029126
0.31931931931931934,71,18,3,11,0.8658536585365854,0.8571428571428571,0.7229965156794425,0.8640776699029126
0.3203203203203203,71,18,3,11,0.8658536585365854,0.8571428571428571,0.7229965156794425,0.8640776699029126
0.3213213213213213,71,18,3,11,0.8658536585365854,0.8571428571428571,0.7229965156794425,0.8640776699029126
0.32232232232232233,71,18,3,11,0.8658536585365854,0.8571428571428571,0.7229965156794425,0.8640776699029126
0.3233233233233233,71,18,3,11,0.8658536585365854,0.8571428571428571,0.7229965156794425,0.8640776699029126
0.32432432432432434,71,18,3,11,0.8658536585365854,0.8571428571428571,0.7229965156794425,0.8640776699029126
0.3253253253253253,71,18,3,11,0.8658536585365854,0.8571428571428571,0.7229965156794425,0.8640776699029126
0.3263263263263263,71,18,3,11,0.8658536585365854,0.8571428571428571,0.7229965156794425,0.8640776699029126
0.32732732732732733,71,18,3,11,0.8658536585365854,0.8571428571428571,0.7229965156794425,0.8640776699029126
0.3283283283283283,71,18,3,11,0.8658536585365854,0.8571428571428571,0.7229965156794425,0.8640776699029126
0.32932932932932935,71,18,3,11,0.8658536585365854,0.8571428571428571,0.7229965156794425,0.8640776699029126
0.3303303303303303,71,18,3,11,0.8658536585365854,0.8571428571428571,0.7229965156794425,0.8640776699029126
0.3313313313313313,71,18,3,11,0.8658536585365854,0.8571428571428571,0.7229965156794425,0.8640776699029126
0.33233233233233234,71,18,3,11,0.8658536585365854,0.8571428571428571,0.7229965156794425,0.8640776699029126
0.3333333333333333,70,18,3,12,0.8536585365853658,0.8571428571428571,0.7108013937282229,0.8543689320388349
0.33433433433433435,70,18,3,12,0.8536585365853658,0.8571428571428571,0.7108013937282229,0.8543689320388349
0.3353353353353353,70,18,3,12,0.8536585365853658,0.8571428571428571,0.7108013937282229,0.8543689320388349
0.3363363363363363,70,18,3,12,0.8536585365853658,0.8571428571428571,0.7108013937282229,0.8543689320388349
0.33733733733733734,70,18,3,12,0.8536585365853658,0.8571428571428571,0.7108013937282229,0.8543689320388349
0.3383383383383383,70,18,3,12,0.8536585365853658,0.8571428571428571,0.7108013937282229,0.8543689320388349
0.33933933933933935,70,18,3,12,0.8536585365853658,0.8571428571428571,0.7108013937282229,0.8543689320388349
0.34034034034034033,70,18,3,12,0.8536585365853658,0.8571428571428571,0.7108013937282229,0.8543689320388349
0.34134134134134136,68,18,3,14,0.8292682926829268,0.8571428571428571,0.6864111498257839,0.8349514563106796
0.34234234234234234,68,18,3,14,0.8292682926829268,0.8571428571428571,0.6864111498257839,0.8349514563106796
0.3433433433433433,68,18,3,14,0.8292682926829268,0.8571428571428571,0.6864111498257839,0.8349514563106796
0.34434434434434436,68,18,3,14,0.8292682926829268,0.8571428571428571,0.6864111498257839,0.8349514563106796
0.34534534534534533,68,18,3,14,0.8292682926829268,0.8571428571428571,0.6864111498257839,0.8349514563106796
0.34634634634634637,68,18,3,14,0.8292682926829268,0.8571428571428571,0.6864111498257839,0.8349514563106796
0.34734734734734735,68,18,3,14,0.8292682926829268,0.8571428571428571,0.6864111498257839,0.8349514563106796
0.3483483483483483,68,18,3,14,0.8292682926829268,0.8571428571428571,0.6864111498257839,0.8349514563106796
0.34934934934934936,68,18,3,14,0.8292682926829268,0.8571428571428571,0.6864111498257839,0.8349514563106796
0.35035035035035034,68,18,3,14,0.8292682926829268,0.8571428571428571,0.6864111498257839,0.8349514563106796
0.35135135135135137,68,18,3,14,0.8292682926829268,0.8571428571428571,0.6864111498257839,0.8349514563106796
0.35235235235235235,68,18,3,14,0.8292682926829268,0.8571428571428571,0.6864111498257839,0.8349514563106796
0.3533533533533533,68,18,3,14,0.8292682926829268,0.8571428571428571,0.6864111498257839,0.8349514563106796
0.35435435435435436,68,18,3,14,0.8292682926829268,0.8571428571428571,0.6864111498257839,0.8349514563106796
0.35535535535535534,68,18,3,14,0.8292682926829268,0.8571428571428571,0.6864111498257839,0.8349514563106796
0.3563563563563564,68,18,3,14,0.8292682926829268,0.8571428571428571,0.6864111498257839,0.8349514563106796
0.35735735735735735,68,18,3,14,0.8292682926829268,0.8571428571428571,0.6864111498257839,0.8349514563106796
0.35835835835835833,68,18,3,14,0.8292682926829268,0.8571428571428571,0.6864111498257839,0.8349514563106796
0.35935935935935936,68,18,3,14,0.8292682926829268,0.8571428571428571,0.6864111498257839,0.8349514563106796
0.36036036036036034,68,18,3,14,0.8292682926829268,0.8571428571428571,0.6864111498257839,0.8349514563106796
0.3613613613613614,68,18,3,14,0.8292682926829268,0.8571428571428571,0.6864111498257839,0.8349514563106796
0.36236236236236236,67,18,3,15,0.8170731707317073,0.8571428571428571,0.6742160278745644,0.8252427184466019
0.36336336336336333,66,18,3,16,0.8048780487804879,0.8571428571428571,0.6620209059233448,0.8155339805825242
0.36436436436436437,66,18,3,16,0.8048780487804879,0.8571428571428571,0.6620209059233448,0.8155339805825242
0.36536536536536535,66,18,3,16,0.8048780487804879,0.8571428571428571,0.6620209059233448,0.8155339805825242
0.3663663663663664,66,18,3,16,0.8048780487804879,0.8571428571428571,0.6620209059233448,0.8155339805825242
0.36736736736736736,66,18,3,16,0.8048780487804879,0.8571428571428571,0.6620209059233448,0.8155339805825242
0.3683683683683684,66,18,3,16,0.8048780487804879,0.8571428571428571,0.6620209059233448,0.8155339805825242
0.36936936936936937,66,18,3,16,0.8048780487804879,0.8571428571428571,0.6620209059233448,0.8155339805825242
0.37037037037037035,66,18,3,16,0.8048780487804879,0.8571428571428571,0.6620209059233448,0.8155339805825242
0.3713713713713714,66,18,3,16,0.8048780487804879,0.8571428571428571,0.6620209059233448,0.8155339805825242
0.37237237237237236,66,18,3,16,0.8048780487804879,0.8571428571428571,0.6620209059233448,0.8155339805825242
0.3733733733733734,66,18,3,16,0.8048780487804879,0.8571428571428571,0.6620209059233448,0.8155339805825242
0.3743743743743744,66,18,3,16,0.8048780487804879,0.8571428571428571,0.6620209059233448,0.8155339805825242
0.37537537537537535,66,18,3,16,0.8048780487804879,0.8571428571428571,0.6620209059233448,0.8155339805825242
0.3763763763763764,66,18,3,16,0.8048780487804879,0.8571428571428571,0.6620209059233448,0.8155339805825242
0.37737737737737737,66,18,3,16,0.8048780487804879,0.8571428571428571,0.6620209059233448,0.8155339805825242
0.3783783783783784,66,18,3,16,0.8048780487804879,0.8571428571428571,0.6620209059233448,0.8155339805825242
0.3793793793793794,66,18,3,16,0.8048780487804879,0.8571428571428571,0.6620209059233448,0.8155339805825242
0.38038038038038036,66,18,3,16,0.8048780487804879,0.8571428571428571,0.6620209059233448,0.8155339805825242
0.3813813813813814,66,18,3,16,0.8048780487804879,0.8571428571428571,0.6620209059233448,0.8155339805825242
0.38238238238238237,66,18,3,16,0.8048780487804879,0.8571428571428571,0.6620209059233448,0.8155339805825242
0.3833833833833834,65,18,3,17,0.7926829268292683,0.8571428571428571,0.6498257839721253,0.8058252427184466
0.3843843843843844,65,18,3,17,0.7926829268292683,0.8571428571428571,0.6498257839721253,0.8058252427184466
0.38538538538538536,65,18,3,17,0.7926829268292683,0.8571428571428571,0.6498257839721253,0.8058252427184466
0.3863863863863864,65,18,3,17,0.7926829268292683,0.8571428571428571,0.6498257839721253,0.8058252427184466
0.38738738738738737,64,18,3,18,0.7804878048780488,0.8571428571428571,0.6376306620209058,0.7961165048543689
0.3883883883883884,64,18,3,18,0.7804878048780488,0.8571428571428571,0.6376306620209058,0.7961165048543689
0.3893893893893894,63,18,3,19,0.7682926829268293,0.8571428571428571,0.6254355400696863,0.7864077669902912
0.39039039039039036,63,18,3,19,0.7682926829268293,0.8571428571428571,0.6254355400696863,0.7864077669902912
0.3913913913913914,63,18,3,19,0.7682926829268293,0.8571428571428571,0.6254355400696863,0.7864077669902912
0.3923923923923924,63,18,3,19,0.7682926829268293,0.8571428571428571,0.6254355400696863,0.7864077669902912
0.3933933933933934,63,18,3,19,0.7682926829268293,0.8571428571428571,0.6254355400696863,0.7864077669902912
0.3943943943943944,63,18,3,19,0.7682926829268293,0.8571428571428571,0.6254355400696863,0.7864077669902912
0.39539539539539537,63,18,3,19,0.7682926829268293,0.8571428571428571,0.6254355400696863,0.7864077669902912
0.3963963963963964,63,18,3,19,0.7682926829268293,0.8571428571428571,0.6254355400696863,0.7864077669902912
0.3973973973973974,63,18,3,19,0.7682926829268293,0.8571428571428571,0.6254355400696863,0.7864077669902912
0.3983983983983984,62,18,3,20,0.7560975609756098,0.8571428571428571,0.6132404181184667,0.7766990291262136
0.3993993993993994,61,18,3,21,0.7439024390243902,0.8571428571428571,0.6010452961672472,0.7669902912621359
0.40040040040040037,61,19,2,21,0.7439024390243902,0.9047619047619048,0.6486643437862951,0.7766990291262136
0.4014014014014014,61,19,2,21,0.7439024390243902,0.9047619047619048,0.6486643437862951,0.7766990291262136
0.4024024024024024,61,19,2,21,0.7439024390243902,0.9047619047619048,0.6486643437862951,0.7766990291262136
0.4034034034034034,61,19,2,21,0.7439024390243902,0.9047619047619048,0.6486643437862951,0.7766990291262136
0.4044044044044044,61,19,2,21,0.7439024390243902,0.9047619047619048,0.6486643437862951,0.7766990291262136
0.40540540540540543,61,19,2,21,0.7439024390243902,0.9047619047619048,0.6486643437862951,0.7766990291262136
0.4064064064064064,61,19,2,21,0.7439024390243902,0.9047619047619048,0.6486643437862951,0.7766990291262136
0.4074074074074074,61,19,2,21,0.7439024390243902,0.9047619047619048,0.6486643437862951,0.7766990291262136
0.4084084084084084,61,19,2,21,0.7439024390243902,0.9047619047619048,0.6486643437862951,0.7766990291262136
0.4094094094094094,61,19,2,21,0.7439024390243902,0.9047619047619048,0.6486643437862951,0.7766990291262136
0.41041041041041043,61,19,2,21,0.7439024390243902,0.9047619047619048,0.6486643437862951,0.7766990291262136
0.4114114114114114,61,19,2,21,0.7439024390243902,0.9047619047619048,0.6486643437862951,0.7766990291262136
0.4124124124124124,61,19,2,21,0.7439024390243902,0.9047619047619048,0.6486643437862951,0.7766990291262136
0.4134134134134134,61,19,2,21,0.7439024390243902,0.9047619047619048,0.6486643437862951,0.7766990291262136
0.4144144144144144,61,19,2,21,0.7439024390243902,0.9047619047619048,0.6486643437862951,0.7766990291262136
0.41541541541541543,61,19,2,21,0.7439024390243902,0.9047619047619048,0.6486643437862951,0.7766990291262136
0.4164164164164164,61,19,2,21,0.7439024390243902,0.9047619047619048,0.6486643437862951,0.7766990291262136
0.4174174174174174,61,19,2,21,0.7439024390243902,0.9047619047619048,0.6486643437862951,0.7766990291262136
0.4184184184184184,61,19,2,21,0.7439024390243902,0.9047619047619048,0.6486643437862951,0.7766990291262136
0.4194194194194194,61,19,2,21,0.7439024390243902,0.9047619047619048,0.6486643437862951,0.7766990291262136
0.42042042042042044,61,19,2,21,0.7439024390243902,0.9047619047619048,0.6486643437862951,0.7766990291262136
0.4214214214214214,61,19,2,21,0.7439024390243902,0.9047619047619048,0.6486643437862951,0.7766990291262136
0.4224224224224224,61,20,1,21,0.7439024390243902,0.9523809523809523,0.6962833914053426,0.7864077669902912
0.42342342342342343,61,20,1,21,0.7439024390243902,0.9523809523809523,0.6962833914053426,0.7864077669902912
0.4244244244244244,60,20,1,22,0.7317073170731707,0.9523809523809523,0.684088269454123,0.7766990291262136
0.42542542542542544,60,20,1,22,0.7317073170731707,0.9523809523809523,0.684088269454123,0.7766990291262136
0.4264264264264264,60,20,1,22,0.7317073170731707,0.9523809523809523,0.684088269454123,0.7766990291262136
0.4274274274274274,60,20,1,22,0.7317073170731707,0.9523809523809523,0.684088269454123,0.7766990291262136
0.42842842842842843,60,20,1,22,0.7317073170731707,0.9523809523809523,0.684088269454123,0.7766990291262136
0.4294294294294294,60,20,1,22,0.7317073170731707,0.9523809523809523,0.684088269454123,0.7766990291262136
0.43043043043043044,60,20,1,22,0.7317073170731707,0.9523809523809523,0.684088269454123,0.7766990291262136
0.4314314314314314,60,20,1,22,0.7317073170731707,0.9523809523809523,0.684088269454123,0.7766990291262136
0.43243243243243246,60,21,0,22,0.7317073170731707,1.0,0.7317073170731707,0.7864077669902912
0.43343343343343343,60,21,0,22,0.7317073170731707,1.0,0.7317073170731707,0.7864077669902912
0.4344344344344344,60,21,0,22,0.7317073170731707,1.0,0.7317073170731707,0.7864077669902912
0.43543543543543545,60,21,0,22,0.7317073170731707,1.0,0.7317073170731707,0.7864077669902912
0.4364364364364364,60,21,0,22,0.7317073170731707,1.0,0.7317073170731707,0.7864077669902912
0.43743743743743746,60,21,0,22,0.7317073170731707,1.0,0.7317073170731707,0.7864077669902912
0.43843843843843844,60,21,0,22,0.7317073170731707,1.0,0.7317073170731707,0.7864077669902912
0.4394394394394394,60,21,0,22,0.7317073170731707,1.0,0.7317073170731707,0.7864077669902912
0.44044044044044045,60,21,0,22,0.7317073170731707,1.0,0.7317073170731707,0.7864077669902912
0.44144144144144143,60,21,0,22,0.7317073170731707,1.0,0.7317073170731707,0.7864077669902912
0.44244244244244246,59,21,0,23,0.7195121951219512,1.0,0.7195121951219512,0.7766990291262136
0.44344344344344344,59,21,0,23,0.7195121951219512,1.0,0.7195121951219512,0.7766990291262136
0.4444444444444444,59,21,0,23,0.7195121951219512,1.0,0.7195121951219512,0.7766990291262136
0.44544544544544545,59,21,0,23,0.7195121951219512,1.0,0.7195121951219512,0.7766990291262136
0.44644644644644643,59,21,0,23,0.7195121951219512,1.0,0.7195121951219512,0.7766990291262136
0.44744744744744747,59,21,0,23,0.7195121951219512,1.0,0.7195121951219512,0.7766990291262136
0.44844844844844844,57,21,0,25,0.6951219512195121,1.0,0.6951219512195121,0.7572815533980582
0.4494494494494494,57,21,0,25,0.6951219512195121,1.0,0.6951219512195121,0.7572815533980582
0.45045045045045046,57,21,0,25,0.6951219512195121,1.0,0.6951219512195121,0.7572815533980582
0.45145145145145144,57,21,0,25,0.6951219512195121,1.0,0.6951219512195121,0.7572815533980582
0.45245245245245247,57,21,0,25,0.6951219512195121,1.0,0.6951219512195121,0.7572815533980582
0.45345345345345345,56,21,0,26,0.6829268292682927,1.0,0.6829268292682928,0.7475728155339806
0.4544544544544544,56,21,0,26,0.6829268292682927,1.0,0.6829268292682928,0.7475728155339806
0.45545545545545546,56,21,0,26,0.6829268292682927,1.0,0.6829268292682928,0.7475728155339806
0.45645645645645644,55,21,0,27,0.6707317073170732,1.0,0.6707317073170733,0.7378640776699029
0.4574574574574575,55,21,0,27,0.6707317073170732,1.0,0.6707317073170733,0.7378640776699029
0.45845845845845845,55,21,0,27,0.6707317073170732,1.0,0.6707317073170733,0.7378640776699029
0.45945945945945943,54,21,0,28,0.6585365853658537,1.0,0.6585365853658538,0.7281553398058253
0.46046046046046046,54,21,0,28,0.6585365853658537,1.0,0.6585365853658538,0.7281553398058253
0.46146146146146144,54,21,0,28,0.6585365853658537,1.0,0.6585365853658538,0.7281553398058253
0.4624624624624625,54,21,0,28,0.6585365853658537,1.0,0.6585365853658538,0.7281553398058253
0.46346346346346345,54,21,0,28,0.6585365853658537,1.0,0.6585365853658538,0.7281553398058253
0.46446446446446443,54,21,0,28,0.6585365853658537,1.0,0.6585365853658538,0.7281553398058253
0.46546546546546547,54,21,0,28,0.6585365853658537,1.0,0.6585365853658538,0.7281553398058253
0.46646646646646645,54,21,0,28,0.6585365853658537,1.0,0.6585365853658538,0.7281553398058253
0.4674674674674675,54,21,0,28,0.6585365853658537,1.0,0.6585365853658538,0.7281553398058253
0.46846846846846846,54,21,0,28,0.6585365853658537,1.0,0.6585365853658538,0.7281553398058253
0.4694694694694695,54,21,0,28,0.6585365853658537,1.0,0.6585365853658538,0.7281553398058253
0.47047047047047047,54,21,0,28,0.6585365853658537,1.0,0.6585365853658538,0.7281553398058253
0.47147147147147145,54,21,0,28,0.6585365853658537,1.0,0.6585365853658538,0.7281553398058253
0.4724724724724725,53,21,0,29,0.6463414634146342,1.0,0.6463414634146343,0.7184466019417476
0.47347347347347346,53,21,0,29,0.6463414634146342,1.0,0.6463414634146343,0.7184466019417476
0.4744744744744745,53,21,0,29,0.6463414634146342,1.0,0.6463414634146343,0.7184466019417476
0.4754754754754755,53,21,0,29,0.6463414634146342,1.0,0.6463414634146343,0.7184466019417476
0.47647647647647645,53,21,0,29,0.6463414634146342,1.0,0.6463414634146343,0.7184466019417476
0.4774774774774775,53,21,0,29,0.6463414634146342,1.0,0.6463414634146343,0.7184466019417476
0.47847847847847846,53,21,0,29,0.6463414634146342,1.0,0.6463414634146343,0.7184466019417476
0.4794794794794795,53,21,0,29,0.6463414634146342,1.0,0.6463414634146343,0.7184466019417476
0.4804804804804805,53,21,0,29,0.6463414634146342,1.0,0.6463414634146343,0.7184466019417476
0.48148148148148145,53,21,0,29,0.6463414634146342,1.0,0.6463414634146343,0.7184466019417476
0.4824824824824825,53,21,0,29,0.6463414634146342,1.0,0.6463414634146343,0.7184466019417476
0.48348348348348347,53,21,0,29,0.6463414634146342,1.0,0.6463414634146343,0.7184466019417476
0.4844844844844845,53,21,0,29,0.6463414634146342,1.0,0.6463414634146343,0.7184466019417476
0.4854854854854855,51,21,0,31,0.6219512195121951,1.0,0.6219512195121952,0.6990291262135923
0.48648648648648646,50,21,0,32,0.6097560975609756,1.0,0.6097560975609757,0.6893203883495146
0.4874874874874875,50,21,0,32,0.6097560975609756,1.0,0.6097560975609757,0.6893203883495146
0.48848848848848847,50,21,0,32,0.6097560975609756,1.0,0.6097560975609757,0.6893203883495146
0.4894894894894895,50,21,0,32,0.6097560975609756,1.0,0.6097560975609757,0.6893203883495146
0.4904904904904905,50,21,0,32,0.6097560975609756,1.0,0.6097560975609757,0.6893203883495146
0.49149149149149146,50,21,0,32,0.6097560975609756,1.0,0.6097560975609757,0.6893203883495146
0.4924924924924925,50,21,0,32,0.6097560975609756,1.0,0.6097560975609757,0.6893203883495146
0.4934934934934935,50,21,0,32,0.6097560975609756,1.0,0.6097560975609757,0.6893203883495146
0.4944944944944945,49,21,0,33,0.5975609756097561,1.0,0.5975609756097562,0.6796116504854369
0.4954954954954955,48,21,0,34,0.5853658536585366,1.0,0.5853658536585367,0.6699029126213593
0.4964964964964965,46,21,0,36,0.5609756097560976,1.0,0.5609756097560976,0.6504854368932039
0.4974974974974975,46,21,0,36,0.5609756097560976,1.0,0.5609756097560976,0.6504854368932039
0.4984984984984985,46,21,0,36,0.5609756097560976,1.0,0.5609756097560976,0.6504854368932039
0.4994994994994995,46,21,0,36,0.5609756097560976,1.0,0.5609756097560976,0.6504854368932039
0.5005005005005005,46,21,0,36,0.5609756097560976,1.0,0.5609756097560976,0.6504854368932039
0.5015015015015015,46,21,0,36,0.5609756097560976,1.0,0.5609756097560976,0.6504854368932039
0.5025025025025025,46,21,0,36,0.5609756097560976,1.0,0.5609756097560976,0.6504854368932039
0.5035035035035035,46,21,0,36,0.5609756097560976,1.0,0.5609756097560976,0.6504854368932039
0.5045045045045045,46,21,0,36,0.5609756097560976,1.0,0.5609756097560976,0.6504854368932039
0.5055055055055055,46,21,0,36,0.5609756097560976,1.0,0.5609756097560976,0.6504854368932039
0.5065065065065065,46,21,0,36,0.5609756097560976,1.0,0.5609756097560976,0.6504854368932039
0.5075075075075075,46,21,0,36,0.5609756097560976,1.0,0.5609756097560976,0.6504854368932039
0.5085085085085085,46,21,0,36,0.5609756097560976,1.0,0.5609756097560976,0.6504854368932039
0.5095095095095095,44,21,0,38,0.5365853658536586,1.0,0.5365853658536586,0.6310679611650486
0.5105105105105106,44,21,0,38,0.5365853658536586,1.0,0.5365853658536586,0.6310679611650486
0.5115115115115115,44,21,0,38,0.5365853658536586,1.0,0.5365853658536586,0.6310679611650486
0.5125125125125125,44,21,0,38,0.5365853658536586,1.0,0.5365853658536586,0.6310679611650486
0.5135135135135135,44,21,0,38,0.5365853658536586,1.0,0.5365853658536586,0.6310679611650486
0.5145145145145145,44,21,0,38,0.5365853658536586,1.0,0.5365853658536586,0.6310679611650486
0.5155155155155156,43,21,0,39,0.524390243902439,1.0,0.524390243902439,0.6213592233009708
0.5165165165165165,43,21,0,39,0.524390243902439,1.0,0.524390243902439,0.6213592233009708
0.5175175175175175,43,21,0,39,0.524390243902439,1.0,0.524390243902439,0.6213592233009708
0.5185185185185185,43,21,0,39,0.524390243902439,1.0,0.524390243902439,0.6213592233009708
0.5195195195195195,43,21,0,39,0.524390243902439,1.0,0.524390243902439,0.6213592233009708
0.5205205205205206,43,21,0,39,0.524390243902439,1.0,0.524390243902439,0.6213592233009708
0.5215215215215215,42,21,0,40,0.5121951219512195,1.0,0.5121951219512195,0.6116504854368932
0.5225225225225225,42,21,0,40,0.5121951219512195,1.0,0.5121951219512195,0.6116504854368932
0.5235235235235235,42,21,0,40,0.5121951219512195,1.0,0.5121951219512195,0.6116504854368932
0.5245245245245245,42,21,0,40,0.5121951219512195,1.0,0.5121951219512195,0.6116504854368932
0.5255255255255256,42,21,0,40,0.5121951219512195,1.0,0.5121951219512195,0.6116504854368932
0.5265265265265265,42,21,0,40,0.5121951219512195,1.0,0.5121951219512195,0.6116504854368932
0.5275275275275275,42,21,0,40,0.5121951219512195,1.0,0.5121951219512195,0.6116504854368932
0.5285285285285285,42,21,0,40,0.5121951219512195,1.0,0.5121951219512195,0.6116504854368932
0.5295295295295295,42,21,0,40,0.5121951219512195,1.0,0.5121951219512195,0.6116504854368932
0.5305305305305306,42,21,0,40,0.5121951219512195,1.0,0.5121951219512195,0.6116504854368932
0.5315315315315315,42,21,0,40,0.5121951219512195,1.0,0.5121951219512195,0.6116504854368932
0.5325325325325325,42,21,0,40,0.5121951219512195,1.0,0.5121951219512195,0.6116504854368932
0.5335335335335335,42,21,0,40,0.5121951219512195,1.0,0.5121951219512195,0.6116504854368932
0.5345345345345345,42,21,0,40,0.5121951219512195,1.0,0.5121951219512195,0.6116504854368932
0.5355355355355356,42,21,0,40,0.5121951219512195,1.0,0.5121951219512195,0.6116504854368932
0.5365365365365365,42,21,0,40,0.5121951219512195,1.0,0.5121951219512195,0.6116504854368932
0.5375375375375375,42,21,0,40,0.5121951219512195,1.0,0.5121951219512195,0.6116504854368932
0.5385385385385385,42,21,0,40,0.5121951219512195,1.0,0.5121951219512195,0.6116504854368932
0.5395395395395395,41,21,0,41,0.5,1.0,0.5,0.6019417475728155
0.5405405405405406,41,21,0,41,0.5,1.0,0.5,0.6019417475728155
0.5415415415415415,41,21,0,41,0.5,1.0,0.5,0.6019417475728155
0.5425425425425425,40,21,0,42,0.4878048780487805,1.0,0.4878048780487805,0.5922330097087378
0.5435435435435435,40,21,0,42,0.4878048780487805,1.0,0.4878048780487805,0.5922330097087378
0.5445445445445445,40,21,0,42,0.4878048780487805,1.0,0.4878048780487805,0.5922330097087378
0.5455455455455456,39,21,0,43,0.47560975609756095,1.0,0.47560975609756095,0.5825242718446602
0.5465465465465466,39,21,0,43,0.47560975609756095,1.0,0.47560975609756095,0.5825242718446602
0.5475475475475475,39,21,0,43,0.47560975609756095,1.0,0.47560975609756095,0.5825242718446602
0.5485485485485485,38,21,0,44,0.4634146341463415,1.0,0.46341463414634143,0.5728155339805825
0.5495495495495496,38,21,0,44,0.4634146341463415,1.0,0.46341463414634143,0.5728155339805825
0.5505505505505506,38,21,0,44,0.4634146341463415,1.0,0.46341463414634143,0.5728155339805825
0.5515515515515516,38,21,0,44,0.4634146341463415,1.0,0.46341463414634143,0.5728155339805825
0.5525525525525525,38,21,0,44,0.4634146341463415,1.0,0.46341463414634143,0.5728155339805825
0.5535535535535535,38,21,0,44,0.4634146341463415,1.0,0.46341463414634143,0.5728155339805825
0.5545545545545546,38,21,0,44,0.4634146341463415,1.0,0.46341463414634143,0.5728155339805825
0.5555555555555556,38,21,0,44,0.4634146341463415,1.0,0.46341463414634143,0.5728155339805825
0.5565565565565566,38,21,0,44,0.4634146341463415,1.0,0.46341463414634143,0.5728155339805825
0.5575575575575575,38,21,0,44,0.4634146341463415,1.0,0.46341463414634143,0.5728155339805825
0.5585585585585585,38,21,0,44,0.4634146341463415,1.0,0.46341463414634143,0.5728155339805825
0.5595595595595596,37,21,0,45,0.45121951219512196,1.0,0.4512195121951219,0.5631067961165048
0.5605605605605606,36,21,0,46,0.43902439024390244,1.0,0.4390243902439024,0.5533980582524272
0.5615615615615616,36,21,0,46,0.43902439024390244,1.0,0.4390243902439024,0.5533980582524272
0.5625625625625625,36,21,0,46,0.43902439024390244,1.0,0.4390243902439024,0.5533980582524272
0.5635635635635635,36,21,0,46,0.43902439024390244,1.0,0.4390243902439024,0.5533980582524272
0.5645645645645646,36,21,0,46,0.43902439024390244,1.0,0.4390243902439024,0.5533980582524272
0.5655655655655656,36,21,0,46,0.43902439024390244,1.0,0.4390243902439024,0.5533980582524272
0.5665665665665666,36,21,0,46,0.43902439024390244,1.0,0.4390243902439024,0.5533980582524272
0.5675675675675675,36,21,0,46,0.43902439024390244,1.0,0.4390243902439024,0.5533980582524272
0.5685685685685685,36,21,0,46,0.43902439024390244,1.0,0.4390243902439024,0.5533980582524272
0.5695695695695696,34,21,0,48,0.4146341463414634,1.0,0.41463414634146334,0.5339805825242718
0.5705705705705706,34,21,0,48,0.4146341463414634,1.0,0.41463414634146334,0.5339805825242718
0.5715715715715716,34,21,0,48,0.4146341463414634,1.0,0.41463414634146334,0.5339805825242718
0.5725725725725725,33,21,0,49,0.4024390243902439,1.0,0.4024390243902438,0.5242718446601942
0.5735735735735735,33,21,0,49,0.4024390243902439,1.0,0.4024390243902438,0.5242718446601942
0.5745745745745746,33,21,0,49,0.4024390243902439,1.0,0.4024390243902438,0.5242718446601942
0.5755755755755756,33,21,0,49,0.4024390243902439,1.0,0.4024390243902438,0.5242718446601942
0.5765765765765766,33,21,0,49,0.4024390243902439,1.0,0.4024390243902438,0.5242718446601942
0.5775775775775776,32,21,0,50,0.3902439024390244,1.0,0.3902439024390243,0.5145631067961165
0.5785785785785785,32,21,0,50,0.3902439024390244,1.0,0.3902439024390243,0.5145631067961165
0.5795795795795796,32,21,0,50,0.3902439024390244,1.0,0.3902439024390243,0.5145631067961165
0.5805805805805806,31,21,0,51,0.3780487804878049,1.0,0.37804878048780477,0.5048543689320388
0.5815815815815816,31,21,0,51,0.3780487804878049,1.0,0.37804878048780477,0.5048543689320388
0.5825825825825826,31,21,0,51,0.3780487804878049,1.0,0.37804878048780477,0.5048543689320388
0.5835835835835835,31,21,0,51,0.3780487804878049,1.0,0.37804878048780477,0.5048543689320388
0.5845845845845846,31,21,0,51,0.3780487804878049,1.0,0.37804878048780477,0.5048543689320388
0.5855855855855856,31,21,0,51,0.3780487804878049,1.0,0.37804878048780477,0.5048543689320388
0.5865865865865866,31,21,0,51,0.3780487804878049,1.0,0.37804878048780477,0.5048543689320388
0.5875875875875876,31,21,0,51,0.3780487804878049,1.0,0.37804878048780477,0.5048543689320388
0.5885885885885885,31,21,0,51,0.3780487804878049,1.0,0.37804878048780477,0.5048543689320388
0.5895895895895896,31,21,0,51,0.3780487804878049,1.0,0.37804878048780477,0.5048543689320388
0.5905905905905906,31,21,0,51,0.3780487804878049,1.0,0.37804878048780477,0.5048543689320388
0.5915915915915916,31,21,0,51,0.3780487804878049,1.0,0.37804878048780477,0.5048543689320388
0.5925925925925926,30,21,0,52,0.36585365853658536,1.0,0.36585365853658525,0.49514563106796117
0.5935935935935935,29,21,0,53,0.35365853658536583,1.0,0.3536585365853657,0.4854368932038835
0.5945945945945946,29,21,0,53,0.35365853658536583,1.0,0.3536585365853657,0.4854368932038835
0.5955955955955956,29,21,0,53,0.35365853658536583,1.0,0.3536585365853657,0.4854368932038835
0.5965965965965966,29,21,0,53,0.35365853658536583,1.0,0.3536585365853657,0.4854368932038835
0.5975975975975976,29,21,0,53,0.35365853658536583,1.0,0.3536585365853657,0.4854368932038835
0.5985985985985985,29,21,0,53,0.35365853658536583,1.0,0.3536585365853657,0.4854368932038835
0.5995995995995996,29,21,0,53,0.35365853658536583,1.0,0.3536585365853657,0.4854368932038835
0.6006006006006006,29,21,0,53,0.35365853658536583,1.0,0.3536585365853657,0.4854368932038835
0.6016016016016016,29,21,0,53,0.35365853658536583,1.0,0.3536585365853657,0.4854368932038835
0.6026026026026026,29,21,0,53,0.35365853658536583,1.0,0.3536585365853657,0.4854368932038835
0.6036036036036035,29,21,0,53,0.35365853658536583,1.0,0.3536585365853657,0.4854368932038835
0.6046046046046046,29,21,0,53,0.35365853658536583,1.0,0.3536585365853657,0.4854368932038835
0.6056056056056056,28,21,0,54,0.34146341463414637,1.0,0.3414634146341464,0.47572815533980584
0.6066066066066066,28,21,0,54,0.34146341463414637,1.0,0.3414634146341464,0.47572815533980584
0.6076076076076076,28,21,0,54,0.34146341463414637,1.0,0.3414634146341464,0.47572815533980584
0.6086086086086087,28,21,0,54,0.34146341463414637,1.0,0.3414634146341464,0.47572815533980584
0.6096096096096096,26,21,0,56,0.3170731707317073,1.0,0.3170731707317074,0.4563106796116505
0.6106106106106106,26,21,0,56,0.3170731707317073,1.0,0.3170731707317074,0.4563106796116505
0.6116116116116116,26,21,0,56,0.3170731707317073,1.0,0.3170731707317074,0.4563106796116505
0.6126126126126126,26,21,0,56,0.3170731707317073,1.0,0.3170731707317074,0.4563106796116505
0.6136136136136137,26,21,0,56,0.3170731707317073,1.0,0.3170731707317074,0.4563106796116505
0.6146146146146146,26,21,0,56,0.3170731707317073,1.0,0.3170731707317074,0.4563106796116505
0.6156156156156156,26,21,0,56,0.3170731707317073,1.0,0.3170731707317074,0.4563106796116505
0.6166166166166166,26,21,0,56,0.3170731707317073,1.0,0.3170731707317074,0.4563106796116505
0.6176176176176176,26,21,0,56,0.3170731707317073,1.0,0.3170731707317074,0.4563106796116505
0.6186186186186187,26,21,0,56,0.3170731707317073,1.0,0.3170731707317074,0.4563106796116505
0.6196196196196196,26,21,0,56,0.3170731707317073,1.0,0.3170731707317074,0.4563106796116505
0.6206206206206206,26,21,0,56,0.3170731707317073,1.0,0.3170731707317074,0.4563106796116505
0.6216216216216216,26,21,0,56,0.3170731707317073,1.0,0.3170731707317074,0.4563106796116505
0.6226226226226226,26,21,0,56,0.3170731707317073,1.0,0.3170731707317074,0.4563106796116505
0.6236236236236237,26,21,0,56,0.3170731707317073,1.0,0.3170731707317074,0.4563106796116505
0.6246246246246246,26,21,0,56,0.3170731707317073,1.0,0.3170731707317074,0.4563106796116505
0.6256256256256256,26,21,0,56,0.3170731707317073,1.0,0.3170731707317074,0.4563106796116505
0.6266266266266266,26,21,0,56,0.3170731707317073,1.0,0.3170731707317074,0.4563106796116505
0.6276276276276276,26,21,0,56,0.3170731707317073,1.0,0.3170731707317074,0.4563106796116505
0.6286286286286287,26,21,0,56,0.3170731707317073,1.0,0.3170731707317074,0.4563106796116505
0.6296296296296297,26,21,0,56,0.3170731707317073,1.0,0.3170731707317074,0.4563106796116505
0.6306306306306306,25,21,0,57,0.3048780487804878,1.0,0.30487804878048785,0.44660194174757284
0.6316316316316316,25,21,0,57,0.3048780487804878,1.0,0.30487804878048785,0.44660194174757284
0.6326326326326326,25,21,0,57,0.3048780487804878,1.0,0.30487804878048785,0.44660194174757284
0.6336336336336337,25,21,0,57,0.3048780487804878,1.0,0.30487804878048785,0.44660194174757284
0.6346346346346347,25,21,0,57,0.3048780487804878,1.0,0.30487804878048785,0.44660194174757284
0.6356356356356356,25,21,0,57,0.3048780487804878,1.0,0.30487804878048785,0.44660194174757284
0.6366366366366366,25,21,0,57,0.3048780487804878,1.0,0.30487804878048785,0.44660194174757284
0.6376376376376376,25,21,0,57,0.3048780487804878,1.0,0.30487804878048785,0.44660194174757284
0.6386386386386387,25,21,0,57,0.3048780487804878,1.0,0.30487804878048785,0.44660194174757284
0.6396396396396397,25,21,0,57,0.3048780487804878,1.0,0.30487804878048785,0.44660194174757284
0.6406406406406406,25,21,0,57,0.3048780487804878,1.0,0.30487804878048785,0.44660194174757284
0.6416416416416416,25,21,0,57,0.3048780487804878,1.0,0.30487804878048785,0.44660194174757284
0.6426426426426426,24,21,0,58,0.2926829268292683,1.0,0.29268292682926833,0.4368932038834951
0.6436436436436437,24,21,0,58,0.2926829268292683,1.0,0.29268292682926833,0.4368932038834951
0.6446446446446447,24,21,0,58,0.2926829268292683,1.0,0.29268292682926833,0.4368932038834951
0.6456456456456456,24,21,0,58,0.2926829268292683,1.0,0.29268292682926833,0.4368932038834951
0.6466466466466466,23,21,0,59,0.2804878048780488,1.0,0.2804878048780488,0.42718446601941745
0.6476476476476476,23,21,0,59,0.2804878048780488,1.0,0.2804878048780488,0.42718446601941745
0.6486486486486487,22,21,0,60,0.2682926829268293,1.0,0.2682926829268293,0.4174757281553398
0.6496496496496497,22,21,0,60,0.2682926829268293,1.0,0.2682926829268293,0.4174757281553398
0.6506506506506506,22,21,0,60,0.2682926829268293,1.0,0.2682926829268293,0.4174757281553398
0.6516516516516516,22,21,0,60,0.2682926829268293,1.0,0.2682926829268293,0.4174757281553398
0.6526526526526526,22,21,0,60,0.2682926829268293,1.0,0.2682926829268293,0.4174757281553398
0.6536536536536537,22,21,0,60,0.2682926829268293,1.0,0.2682926829268293,0.4174757281553398
0.6546546546546547,22,21,0,60,0.2682926829268293,1.0,0.2682926829268293,0.4174757281553398
0.6556556556556556,22,21,0,60,0.2682926829268293,1.0,0.2682926829268293,0.4174757281553398
0.6566566566566566,21,21,0,61,0.25609756097560976,1.0,0.25609756097560976,0.4077669902912621
0.6576576576576576,21,21,0,61,0.25609756097560976,1.0,0.25609756097560976,0.4077669902912621
0.6586586586586587,21,21,0,61,0.25609756097560976,1.0,0.25609756097560976,0.4077669902912621
0.6596596596596597,21,21,0,61,0.25609756097560976,1.0,0.25609756097560976,0.4077669902912621
0.6606606606606606,21,21,0,61,0.25609756097560976,1.0,0.25609756097560976,0.4077669902912621
0.6616616616616616,21,21,0,61,0.25609756097560976,1.0,0.25609756097560976,0.4077669902912621
0.6626626626626626,20,21,0,62,0.24390243902439024,1.0,0.24390243902439024,0.39805825242718446
0.6636636636636637,20,21,0,62,0.24390243902439024,1.0,0.24390243902439024,0.39805825242718446
0.6646646646646647,20,21,0,62,0.24390243902439024,1.0,0.24390243902439024,0.39805825242718446
0.6656656656656657,20,21,0,62,0.24390243902439024,1.0,0.24390243902439024,0.39805825242718446
0.6666666666666666,20,21,0,62,0.24390243902439024,1.0,0.24390243902439024,0.39805825242718446
0.6676676676676676,20,21,0,62,0.24390243902439024,1.0,0.24390243902439024,0.39805825242718446
0.6686686686686687,20,21,0,62,0.24390243902439024,1.0,0.24390243902439024,0.39805825242718446
0.6696696696696697,20,21,0,62,0.24390243902439024,1.0,0.24390243902439024,0.39805825242718446
0.6706706706706707,20,21,0,62,0.24390243902439024,1.0,0.24390243902439024,0.39805825242718446
0.6716716716716716,20,21,0,62,0.24390243902439024,1.0,0.24390243902439024,0.39805825242718446
0.6726726726726726,20,21,0,62,0.24390243902439024,1.0,0.24390243902439024,0.39805825242718446
0.6736736736736737,19,21,0,63,0.23170731707317074,1.0,0.23170731707317072,0.3883495145631068
0.6746746746746747,19,21,0,63,0.23170731707317074,1.0,0.23170731707317072,0.3883495145631068
0.6756756756756757,19,21,0,63,0.23170731707317074,1.0,0.23170731707317072,0.3883495145631068
0.6766766766766766,19,21,0,63,0.23170731707317074,1.0,0.23170731707317072,0.3883495145631068
0.6776776776776777,19,21,0,63,0.23170731707317074,1.0,0.23170731707317072,0.3883495145631068
0.6786786786786787,19,21,0,63,0.23170731707317074,1.0,0.23170731707317072,0.3883495145631068
0.6796796796796797,19,21,0,63,0.23170731707317074,1.0,0.23170731707317072,0.3883495145631068
0.6806806806806807,19,21,0,63,0.23170731707317074,1.0,0.23170731707317072,0.3883495145631068
0.6816816816816816,19,21,0,63,0.23170731707317074,1.0,0.23170731707317072,0.3883495145631068
0.6826826826826827,19,21,0,63,0.23170731707317074,1.0,0.23170731707317072,0.3883495145631068
0.6836836836836837,19,21,0,63,0.23170731707317074,1.0,0.23170731707317072,0.3883495145631068
0.6846846846846847,19,21,0,63,0.23170731707317074,1.0,0.23170731707317072,0.3883495145631068
0.6856856856856857,19,21,0,63,0.23170731707317074,1.0,0.23170731707317072,0.3883495145631068
0.6866866866866866,19,21,0,63,0.23170731707317074,1.0,0.23170731707317072,0.3883495145631068
0.6876876876876877,19,21,0,63,0.23170731707317074,1.0,0.23170731707317072,0.3883495145631068
0.6886886886886887,18,21,0,64,0.21951219512195122,1.0,0.2195121951219512,0.3786407766990291
0.6896896896896897,18,21,0,64,0.21951219512195122,1.0,0.2195121951219512,0.3786407766990291
0.6906906906906907,18,21,0,64,0.21951219512195122,1.0,0.2195121951219512,0.3786407766990291
0.6916916916916916,18,21,0,64,0.21951219512195122,1.0,0.2195121951219512,0.3786407766990291
0.6926926926926927,17,21,0,65,0.2073170731707317,1.0,0.20731707317073167,0.36893203883495146
0.6936936936936937,17,21,0,65,0.2073170731707317,1.0,0.20731707317073167,0.36893203883495146
0.6946946946946947,17,21,0,65,0.2073170731707317,1.0,0.20731707317073167,0.36893203883495146
0.6956956956956957,17,21,0,65,0.2073170731707317,1.0,0.20731707317073167,0.36893203883495146
0.6966966966966966,17,21,0,65,0.2073170731707317,1.0,0.20731707317073167,0.36893203883495146
0.6976976976976977,17,21,0,65,0.2073170731707317,1.0,0.20731707317073167,0.36893203883495146
0.6986986986986987,17,21,0,65,0.2073170731707317,1.0,0.20731707317073167,0.36893203883495146
0.6996996996996997,16,21,0,66,0.1951219512195122,1.0,0.19512195121951215,0.3592233009708738
0.7007007007007007,15,21,0,67,0.18292682926829268,1.0,0.18292682926829262,0.34951456310679613
0.7017017017017017,15,21,0,67,0.18292682926829268,1.0,0.18292682926829262,0.34951456310679613
0.7027027027027027,15,21,0,67,0.18292682926829268,1.0,0.18292682926829262,0.34951456310679613
0.7037037037037037,15,21,0,67,0.18292682926829268,1.0,0.18292682926829262,0.34951456310679613
0.7047047047047047,15,21,0,67,0.18292682926829268,1.0,0.18292682926829262,0.34951456310679613
0.7057057057057057,15,21,0,67,0.18292682926829268,1.0,0.18292682926829262,0.34951456310679613
0.7067067067067067,15,21,0,67,0.18292682926829268,1.0,0.18292682926829262,0.34951456310679613
0.7077077077077077,15,21,0,67,0.18292682926829268,1.0,0.18292682926829262,0.34951456310679613
0.7087087087087087,15,21,0,67,0.18292682926829268,1.0,0.18292682926829262,0.34951456310679613
0.7097097097097097,15,21,0,67,0.18292682926829268,1.0,0.18292682926829262,0.34951456310679613
0.7107107107107107,15,21,0,67,0.18292682926829268,1.0,0.18292682926829262,0.34951456310679613
0.7117117117117117,14,21,0,68,0.17073170731707318,1.0,0.1707317073170731,0.33980582524271846
0.7127127127127127,14,21,0,68,0.17073170731707318,1.0,0.1707317073170731,0.33980582524271846
0.7137137137137137,14,21,0,68,0.17073170731707318,1.0,0.1707317073170731,0.33980582524271846
0.7147147147147147,14,21,0,68,0.17073170731707318,1.0,0.1707317073170731,0.33980582524271846
0.7157157157157157,14,21,0,68,0.17073170731707318,1.0,0.1707317073170731,0.33980582524271846
0.7167167167167167,14,21,0,68,0.17073170731707318,1.0,0.1707317073170731,0.33980582524271846
0.7177177177177178,14,21,0,68,0.17073170731707318,1.0,0.1707317073170731,0.33980582524271846
0.7187187187187187,14,21,0,68,0.17073170731707318,1.0,0.1707317073170731,0.33980582524271846
0.7197197197197197,14,21,0,68,0.17073170731707318,1.0,0.1707317073170731,0.33980582524271846
0.7207207207207207,14,21,0,68,0.17073170731707318,1.0,0.1707317073170731,0.33980582524271846
0.7217217217217217,14,21,0,68,0.17073170731707318,1.0,0.1707317073170731,0.33980582524271846
0.7227227227227228,14,21,0,68,0.17073170731707318,1.0,0.1707317073170731,0.33980582524271846
0.7237237237237237,14,21,0,68,0.17073170731707318,1.0,0.1707317073170731,0.33980582524271846
0.7247247247247247,14,21,0,68,0.17073170731707318,1.0,0.1707317073170731,0.33980582524271846
0.7257257257257257,14,21,0,68,0.17073170731707318,1.0,0.1707317073170731,0.33980582524271846
0.7267267267267267,14,21,0,68,0.17073170731707318,1.0,0.1707317073170731,0.33980582524271846
0.7277277277277278,14,21,0,68,0.17073170731707318,1.0,0.1707317073170731,0.33980582524271846
0.7287287287287287,14,21,0,68,0.17073170731707318,1.0,0.1707317073170731,0.33980582524271846
0.7297297297297297,14,21,0,68,0.17073170731707318,1.0,0.1707317073170731,0.33980582524271846
0.7307307307307307,14,21,0,68,0.17073170731707318,1.0,0.1707317073170731,0.33980582524271846
0.7317317317317317,14,21,0,68,0.17073170731707318,1.0,0.1707317073170731,0.33980582524271846
0.7327327327327328,14,21,0,68,0.17073170731707318,1.0,0.1707317073170731,0.33980582524271846
0.7337337337337337,13,21,0,69,0.15853658536585366,1.0,0.15853658536585358,0.3300970873786408
0.7347347347347347,12,21,0,70,0.14634146341463414,1.0,0.14634146341463405,0.32038834951456313
0.7357357357357357,12,21,0,70,0.14634146341463414,1.0,0.14634146341463405,0.32038834951456313
0.7367367367367368,11,21,0,71,0.13414634146341464,1.0,0.13414634146341475,0.3106796116504854
0.7377377377377378,11,21,0,71,0.13414634146341464,1.0,0.13414634146341475,0.3106796116504854
0.7387387387387387,11,21,0,71,0.13414634146341464,1.0,0.13414634146341475,0.3106796116504854
0.7397397397397397,11,21,0,71,0.13414634146341464,1.0,0.13414634146341475,0.3106796116504854
0.7407407407407407,9,21,0,73,0.10975609756097561,1.0,0.10975609756097571,0.2912621359223301
0.7417417417417418,9,21,0,73,0.10975609756097561,1.0,0.10975609756097571,0.2912621359223301
0.7427427427427428,9,21,0,73,0.10975609756097561,1.0,0.10975609756097571,0.2912621359223301
0.7437437437437437,9,21,0,73,0.10975609756097561,1.0,0.10975609756097571,0.2912621359223301
0.7447447447447447,9,21,0,73,0.10975609756097561,1.0,0.10975609756097571,0.2912621359223301
0.7457457457457457,9,21,0,73,0.10975609756097561,1.0,0.10975609756097571,0.2912621359223301
0.7467467467467468,9,21,0,73,0.10975609756097561,1.0,0.10975609756097571,0.2912621359223301
0.7477477477477478,9,21,0,73,0.10975609756097561,1.0,0.10975609756097571,0.2912621359223301
0.7487487487487487,9,21,0,73,0.10975609756097561,1.0,0.10975609756097571,0.2912621359223301
0.7497497497497497,9,21,0,73,0.10975609756097561,1.0,0.10975609756097571,0.2912621359223301
0.7507507507507507,9,21,0,73,0.10975609756097561,1.0,0.10975609756097571,0.2912621359223301
0.7517517517517518,9,21,0,73,0.10975609756097561,1.0,0.10975609756097571,0.2912621359223301
0.7527527527527528,9,21,0,73,0.10975609756097561,1.0,0.10975609756097571,0.2912621359223301
0.7537537537537538,9,21,0,73,0.10975609756097561,1.0,0.10975609756097571,0.2912621359223301
0.7547547547547547,9,21,0,73,0.10975609756097561,1.0,0.10975609756097571,0.2912621359223301
0.7557557557557557,9,21,0,73,0.10975609756097561,1.0,0.10975609756097571,0.2912621359223301
0.7567567567567568,9,21,0,73,0.10975609756097561,1.0,0.10975609756097571,0.2912621359223301
0.7577577577577578,9,21,0,73,0.10975609756097561,1.0,0.10975609756097571,0.2912621359223301
0.7587587587587588,9,21,0,73,0.10975609756097561,1.0,0.10975609756097571,0.2912621359223301
0.7597597597597597,9,21,0,73,0.10975609756097561,1.0,0.10975609756097571,0.2912621359223301
0.7607607607607607,9,21,0,73,0.10975609756097561,1.0,0.10975609756097571,0.2912621359223301
0.7617617617617618,9,21,0,73,0.10975609756097561,1.0,0.10975609756097571,0.2912621359223301
0.7627627627627628,9,21,0,73,0.10975609756097561,1.0,0.10975609756097571,0.2912621359223301
0.7637637637637638,9,21,0,73,0.10975609756097561,1.0,0.10975609756097571,0.2912621359223301
0.7647647647647647,9,21,0,73,0.10975609756097561,1.0,0.10975609756097571,0.2912621359223301
0.7657657657657657,9,21,0,73,0.10975609756097561,1.0,0.10975609756097571,0.2912621359223301
0.7667667667667668,9,21,0,73,0.10975609756097561,1.0,0.10975609756097571,0.2912621359223301
0.7677677677677678,9,21,0,73,0.10975609756097561,1.0,0.10975609756097571,0.2912621359223301
0.7687687687687688,9,21,0,73,0.10975609756097561,1.0,0.10975609756097571,0.2912621359223301
0.7697697697697697,9,21,0,73,0.10975609756097561,1.0,0.10975609756097571,0.2912621359223301
0.7707707707707707,9,21,0,73,0.10975609756097561,1.0,0.10975609756097571,0.2912621359223301
0.7717717717717718,9,21,0,73,0.10975609756097561,1.0,0.10975609756097571,0.2912621359223301
0.7727727727727728,9,21,0,73,0.10975609756097561,1.0,0.10975609756097571,0.2912621359223301
0.7737737737737738,9,21,0,73,0.10975609756097561,1.0,0.10975609756097571,0.2912621359223301
0.7747747747747747,9,21,0,73,0.10975609756097561,1.0,0.10975609756097571,0.2912621359223301
0.7757757757757757,9,21,0,73,0.10975609756097561,1.0,0.10975609756097571,0.2912621359223301
0.7767767767767768,9,21,0,73,0.10975609756097561,1.0,0.10975609756097571,0.2912621359223301
0.7777777777777778,9,21,0,73,0.10975609756097561,1.0,0.10975609756097571,0.2912621359223301
0.7787787787787788,8,21,0,74,0.0975609756097561,1.0,0.09756097560975618,0.2815533980582524
0.7797797797797797,8,21,0,74,0.0975609756097561,1.0,0.09756097560975618,0.2815533980582524
0.7807807807807807,8,21,0,74,0.0975609756097561,1.0,0.09756097560975618,0.2815533980582524
0.7817817817817818,8,21,0,74,0.0975609756097561,1.0,0.09756097560975618,0.2815533980582524
0.7827827827827828,8,21,0,74,0.0975609756097561,1.0,0.09756097560975618,0.2815533980582524
0.7837837837837838,8,21,0,74,0.0975609756097561,1.0,0.09756097560975618,0.2815533980582524
0.7847847847847848,7,21,0,75,0.08536585365853659,1.0,0.08536585365853666,0.27184466019417475
0.7857857857857857,7,21,0,75,0.08536585365853659,1.0,0.08536585365853666,0.27184466019417475
0.7867867867867868,7,21,0,75,0.08536585365853659,1.0,0.08536585365853666,0.27184466019417475
0.7877877877877878,7,21,0,75,0.08536585365853659,1.0,0.08536585365853666,0.27184466019417475
0.7887887887887888,7,21,0,75,0.08536585365853659,1.0,0.08536585365853666,0.27184466019417475
0.7897897897897898,7,21,0,75,0.08536585365853659,1.0,0.08536585365853666,0.27184466019417475
0.7907907907907907,7,21,0,75,0.08536585365853659,1.0,0.08536585365853666,0.27184466019417475
0.7917917917917918,7,21,0,75,0.08536585365853659,1.0,0.08536585365853666,0.27184466019417475
0.7927927927927928,7,21,0,75,0.08536585365853659,1.0,0.08536585365853666,0.27184466019417475
0.7937937937937938,7,21,0,75,0.08536585365853659,1.0,0.08536585365853666,0.27184466019417475
0.7947947947947948,7,21,0,75,0.08536585365853659,1.0,0.08536585365853666,0.27184466019417475
0.7957957957957957,7,21,0,75,0.08536585365853659,1.0,0.08536585365853666,0.27184466019417475
0.7967967967967968,7,21,0,75,0.08536585365853659,1.0,0.08536585365853666,0.27184466019417475
0.7977977977977978,7,21,0,75,0.08536585365853659,1.0,0.08536585365853666,0.27184466019417475
0.7987987987987988,7,21,0,75,0.08536585365853659,1.0,0.08536585365853666,0.27184466019417475
0.7997997997997998,7,21,0,75,0.08536585365853659,1.0,0.08536585365853666,0.27184466019417475
0.8008008008008007,7,21,0,75,0.08536585365853659,1.0,0.08536585365853666,0.27184466019417475
0.8018018018018018,7,21,0,75,0.08536585365853659,1.0,0.08536585365853666,0.27184466019417475
0.8028028028028028,7,21,0,75,0.08536585365853659,1.0,0.08536585365853666,0.27184466019417475
0.8038038038038038,7,21,0,75,0.08536585365853659,1.0,0.08536585365853666,0.27184466019417475
0.8048048048048048,7,21,0,75,0.08536585365853659,1.0,0.08536585365853666,0.27184466019417475
0.8058058058058059,7,21,0,75,0.08536585365853659,1.0,0.08536585365853666,0.27184466019417475
0.8068068068068068,7,21,0,75,0.08536585365853659,1.0,0.08536585365853666,0.27184466019417475
0.8078078078078078,7,21,0,75,0.08536585365853659,1.0,0.08536585365853666,0.27184466019417475
0.8088088088088088,7,21,0,75,0.08536585365853659,1.0,0.08536585365853666,0.27184466019417475
0.8098098098098098,7,21,0,75,0.08536585365853659,1.0,0.08536585365853666,0.27184466019417475
0.8108108108108109,7,21,0,75,0.08536585365853659,1.0,0.08536585365853666,0.27184466019417475
0.8118118118118118,7,21,0,75,0.08536585365853659,1.0,0.08536585365853666,0.27184466019417475
0.8128128128128128,7,21,0,75,0.08536585365853659,1.0,0.08536585365853666,0.27184466019417475
0.8138138138138138,7,21,0,75,0.08536585365853659,1.0,0.08536585365853666,0.27184466019417475
0.8148148148148148,7,21,0,75,0.08536585365853659,1.0,0.08536585365853666,0.27184466019417475
0.8158158158158159,7,21,0,75,0.08536585365853659,1.0,0.08536585365853666,0.27184466019417475
0.8168168168168168,7,21,0,75,0.08536585365853659,1.0,0.08536585365853666,0.27184466019417475
0.8178178178178178,7,21,0,75,0.08536585365853659,1.0,0.08536585365853666,0.27184466019417475
0.8188188188188188,7,21,0,75,0.08536585365853659,1.0,0.08536585365853666,0.27184466019417475
0.8198198198198198,7,21,0,75,0.08536585365853659,1.0,0.08536585365853666,0.27184466019417475
0.8208208208208209,7,21,0,75,0.08536585365853659,1.0,0.08536585365853666,0.27184466019417475
0.8218218218218218,7,21,0,75,0.08536585365853659,1.0,0.08536585365853666,0.27184466019417475
0.8228228228228228,7,21,0,75,0.08536585365853659,1.0,0.08536585365853666,0.27184466019417475
0.8238238238238238,7,21,0,75,0.08536585365853659,1.0,0.08536585365853666,0.27184466019417475
0.8248248248248248,7,21,0,75,0.08536585365853659,1.0,0.08536585365853666,0.27184466019417475
0.8258258258258259,7,21,0,75,0.08536585365853659,1.0,0.08536585365853666,0.27184466019417475
0.8268268268268268,7,21,0,75,0.08536585365853659,1.0,0.08536585365853666,0.27184466019417475
0.8278278278278278,7,21,0,75,0.08536585365853659,1.0,0.08536585365853666,0.27184466019417475
0.8288288288288288,6,21,0,76,0.07317073170731707,1.0,0.07317073170731714,0.2621359223300971
0.8298298298298298,6,21,0,76,0.07317073170731707,1.0,0.07317073170731714,0.2621359223300971
0.8308308308308309,6,21,0,76,0.07317073170731707,1.0,0.07317073170731714,0.2621359223300971
0.8318318318318318,6,21,0,76,0.07317073170731707,1.0,0.07317073170731714,0.2621359223300971
0.8328328328328328,6,21,0,76,0.07317073170731707,1.0,0.07317073170731714,0.2621359223300971
0.8338338338338338,6,21,0,76,0.07317073170731707,1.0,0.07317073170731714,0.2621359223300971
0.8348348348348348,6,21,0,76,0.07317073170731707,1.0,0.07317073170731714,0.2621359223300971
0.8358358358358359,6,21,0,76,0.07317073170731707,1.0,0.07317073170731714,0.2621359223300971
0.8368368368368369,6,21,0,76,0.07317073170731707,1.0,0.07317073170731714,0.2621359223300971
0.8378378378378378,6,21,0,76,0.07317073170731707,1.0,0.07317073170731714,0.2621359223300971
0.8388388388388388,6,21,0,76,0.07317073170731707,1.0,0.07317073170731714,0.2621359223300971
0.8398398398398398,6,21,0,76,0.07317073170731707,1.0,0.07317073170731714,0.2621359223300971
0.8408408408408409,6,21,0,76,0.07317073170731707,1.0,0.07317073170731714,0.2621359223300971
0.8418418418418419,6,21,0,76,0.07317073170731707,1.0,0.07317073170731714,0.2621359223300971
0.8428428428428428,6,21,0,76,0.07317073170731707,1.0,0.07317073170731714,0.2621359223300971
0.8438438438438438,6,21,0,76,0.07317073170731707,1.0,0.07317073170731714,0.2621359223300971
0.8448448448448448,6,21,0,76,0.07317073170731707,1.0,0.07317073170731714,0.2621359223300971
0.8458458458458459,6,21,0,76,0.07317073170731707,1.0,0.07317073170731714,0.2621359223300971
0.8468468468468469,6,21,0,76,0.07317073170731707,1.0,0.07317073170731714,0.2621359223300971
0.8478478478478478,6,21,0,76,0.07317073170731707,1.0,0.07317073170731714,0.2621359223300971
0.8488488488488488,6,21,0,76,0.07317073170731707,1.0,0.07317073170731714,0.2621359223300971
0.8498498498498498,6,21,0,76,0.07317073170731707,1.0,0.07317073170731714,0.2621359223300971
0.8508508508508509,6,21,0,76,0.07317073170731707,1.0,0.07317073170731714,0.2621359223300971
0.8518518518518519,6,21,0,76,0.07317073170731707,1.0,0.07317073170731714,0.2621359223300971
0.8528528528528528,6,21,0,76,0.07317073170731707,1.0,0.07317073170731714,0.2621359223300971
0.8538538538538538,6,21,0,76,0.07317073170731707,1.0,0.07317073170731714,0.2621359223300971
0.8548548548548548,6,21,0,76,0.07317073170731707,1.0,0.07317073170731714,0.2621359223300971
0.8558558558558559,6,21,0,76,0.07317073170731707,1.0,0.07317073170731714,0.2621359223300971
0.8568568568568569,6,21,0,76,0.07317073170731707,1.0,0.07317073170731714,0.2621359223300971
0.8578578578578578,6,21,0,76,0.07317073170731707,1.0,0.07317073170731714,0.2621359223300971
0.8588588588588588,6,21,0,76,0.07317073170731707,1.0,0.07317073170731714,0.2621359223300971
0.8598598598598598,6,21,0,76,0.07317073170731707,1.0,0.07317073170731714,0.2621359223300971
0.8608608608608609,5,21,0,77,0.06097560975609756,1.0,0.060975609756097615,0.2524271844660194
0.8618618618618619,5,21,0,77,0.06097560975609756,1.0,0.060975609756097615,0.2524271844660194
0.8628628628628628,5,21,0,77,0.06097560975609756,1.0,0.060975609756097615,0.2524271844660194
0.8638638638638638,5,21,0,77,0.06097560975609756,1.0,0.060975609756097615,0.2524271844660194
0.8648648648648649,5,21,0,77,0.06097560975609756,1.0,0.060975609756097615,0.2524271844660194
0.8658658658658659,5,21,0,77,0.06097560975609756,1.0,0.060975609756097615,0.2524271844660194
0.8668668668668669,5,21,0,77,0.06097560975609756,1.0,0.060975609756097615,0.2524271844660194
0.8678678678678678,5,21,0,77,0.06097560975609756,1.0,0.060975609756097615,0.2524271844660194
0.8688688688688688,5,21,0,77,0.06097560975609756,1.0,0.060975609756097615,0.2524271844660194
0.8698698698698699,5,21,0,77,0.06097560975609756,1.0,0.060975609756097615,0.2524271844660194
0.8708708708708709,5,21,0,77,0.06097560975609756,1.0,0.060975609756097615,0.2524271844660194
0.8718718718718719,5,21,0,77,0.06097560975609756,1.0,0.060975609756097615,0.2524271844660194
0.8728728728728729,5,21,0,77,0.06097560975609756,1.0,0.060975609756097615,0.2524271844660194
0.8738738738738738,5,21,0,77,0.06097560975609756,1.0,0.060975609756097615,0.2524271844660194
0.8748748748748749,5,21,0,77,0.06097560975609756,1.0,0.060975609756097615,0.2524271844660194
0.8758758758758759,5,21,0,77,0.06097560975609756,1.0,0.060975609756097615,0.2524271844660194
0.8768768768768769,5,21,0,77,0.06097560975609756,1.0,0.060975609756097615,0.2524271844660194
0.8778778778778779,5,21,0,77,0.06097560975609756,1.0,0.060975609756097615,0.2524271844660194
0.8788788788788788,5,21,0,77,0.06097560975609756,1.0,0.060975609756097615,0.2524271844660194
0.8798798798798799,4,21,0,78,0.04878048780487805,1.0,0.04878048780487809,0.24271844660194175
0.8808808808808809,4,21,0,78,0.04878048780487805,1.0,0.04878048780487809,0.24271844660194175
0.8818818818818819,4,21,0,78,0.04878048780487805,1.0,0.04878048780487809,0.24271844660194175
0.8828828828828829,4,21,0,78,0.04878048780487805,1.0,0.04878048780487809,0.24271844660194175
0.8838838838838838,4,21,0,78,0.04878048780487805,1.0,0.04878048780487809,0.24271844660194175
0.8848848848848849,4,21,0,78,0.04878048780487805,1.0,0.04878048780487809,0.24271844660194175
0.8858858858858859,4,21,0,78,0.04878048780487805,1.0,0.04878048780487809,0.24271844660194175
0.8868868868868869,4,21,0,78,0.04878048780487805,1.0,0.04878048780487809,0.24271844660194175
0.8878878878878879,4,21,0,78,0.04878048780487805,1.0,0.04878048780487809,0.24271844660194175
0.8888888888888888,4,21,0,78,0.04878048780487805,1.0,0.04878048780487809,0.24271844660194175
0.8898898898898899,4,21,0,78,0.04878048780487805,1.0,0.04878048780487809,0.24271844660194175
0.8908908908908909,4,21,0,78,0.04878048780487805,1.0,0.04878048780487809,0.24271844660194175
0.8918918918918919,4,21,0,78,0.04878048780487805,1.0,0.04878048780487809,0.24271844660194175
0.8928928928928929,4,21,0,78,0.04878048780487805,1.0,0.04878048780487809,0.24271844660194175
0.8938938938938938,4,21,0,78,0.04878048780487805,1.0,0.04878048780487809,0.24271844660194175
0.8948948948948949,3,21,0,79,0.036585365853658534,1.0,0.03658536585365857,0.23300970873786409
0.8958958958958959,3,21,0,79,0.036585365853658534,1.0,0.03658536585365857,0.23300970873786409
0.8968968968968969,3,21,0,79,0.036585365853658534,1.0,0.03658536585365857,0.23300970873786409
0.8978978978978979,3,21,0,79,0.036585365853658534,1.0,0.03658536585365857,0.23300970873786409
0.8988988988988988,3,21,0,79,0.036585365853658534,1.0,0.03658536585365857,0.23300970873786409
0.8998998998998999,3,21,0,79,0.036585365853658534,1.0,0.03658536585365857,0.23300970873786409
0.9009009009009009,3,21,0,79,0.036585365853658534,1.0,0.03658536585365857,0.23300970873786409
0.9019019019019019,3,21,0,79,0.036585365853658534,1.0,0.03658536585365857,0.23300970873786409
0.9029029029029029,3,21,0,79,0.036585365853658534,1.0,0.03658536585365857,0.23300970873786409
0.9039039039039038,3,21,0,79,0.036585365853658534,1.0,0.03658536585365857,0.23300970873786409
0.9049049049049049,3,21,0,79,0.036585365853658534,1.0,0.03658536585365857,0.23300970873786409
0.9059059059059059,3,21,0,79,0.036585365853658534,1.0,0.03658536585365857,0.23300970873786409
0.9069069069069069,3,21,0,79,0.036585365853658534,1.0,0.03658536585365857,0.23300970873786409
0.9079079079079079,3,21,0,79,0.036585365853658534,1.0,0.03658536585365857,0.23300970873786409
0.9089089089089089,3,21,0,79,0.036585365853658534,1.0,0.03658536585365857,0.23300970873786409
0.9099099099099099,3,21,0,79,0.036585365853658534,1.0,0.03658536585365857,0.23300970873786409
0.9109109109109109,3,21,0,79,0.036585365853658534,1.0,0.03658536585365857,0.23300970873786409
0.9119119119119119,3,21,0,79,0.036585365853658534,1.0,0.03658536585365857,0.23300970873786409
0.9129129129129129,3,21,0,79,0.036585365853658534,1.0,0.03658536585365857,0.23300970873786409
0.9139139139139139,3,21,0,79,0.036585365853658534,1.0,0.03658536585365857,0.23300970873786409
0.914914914914915,3,21,0,79,0.036585365853658534,1.0,0.03658536585365857,0.23300970873786409
0.9159159159159159,3,21,0,79,0.036585365853658534,1.0,0.03658536585365857,0.23300970873786409
0.9169169169169169,3,21,0,79,0.036585365853658534,1.0,0.03658536585365857,0.23300970873786409
0.9179179179179179,3,21,0,79,0.036585365853658534,1.0,0.03658536585365857,0.23300970873786409
0.9189189189189189,3,21,0,79,0.036585365853658534,1.0,0.03658536585365857,0.23300970873786409
0.91991991991992,3,21,0,79,0.036585365853658534,1.0,0.03658536585365857,0.23300970873786409
0.9209209209209209,3,21,0,79,0.036585365853658534,1.0,0.03658536585365857,0.23300970873786409
0.9219219219219219,3,21,0,79,0.036585365853658534,1.0,0.03658536585365857,0.23300970873786409
0.9229229229229229,3,21,0,79,0.036585365853658534,1.0,0.03658536585365857,0.23300970873786409
0.9239239239239239,3,21,0,79,0.036585365853658534,1.0,0.03658536585365857,0.23300970873786409
0.924924924924925,3,21,0,79,0.036585365853658534,1.0,0.03658536585365857,0.23300970873786409
0.9259259259259259,3,21,0,79,0.036585365853658534,1.0,0.03658536585365857,0.23300970873786409
0.9269269269269269,3,21,0,79,0.036585365853658534,1.0,0.03658536585365857,0.23300970873786409
0.9279279279279279,3,21,0,79,0.036585365853658534,1.0,0.03658536585365857,0.23300970873786409
0.9289289289289289,3,21,0,79,0.036585365853658534,1.0,0.03658536585365857,0.23300970873786409
0.92992992992993,3,21,0,79,0.036585365853658534,1.0,0.03658536585365857,0.23300970873786409
0.9309309309309309,3,21,0,79,0.036585365853658534,1.0,0.03658536585365857,0.23300970873786409
0.9319319319319319,3,21,0,79,0.036585365853658534,1.0,0.03658536585365857,0.23300970873786409
0.9329329329329329,3,21,0,79,0.036585365853658534,1.0,0.03658536585365857,0.23300970873786409
0.933933933933934,3,21,0,79,0.036585365853658534,1.0,0.03658536585365857,0.23300970873786409
0.934934934934935,3,21,0,79,0.036585365853658534,1.0,0.03658536585365857,0.23300970873786409
0.9359359359359359,3,21,0,79,0.036585365853658534,1.0,0.03658536585365857,0.23300970873786409
0.9369369369369369,3,21,0,79,0.036585365853658534,1.0,0.03658536585365857,0.23300970873786409
0.9379379379379379,3,21,0,79,0.036585365853658534,1.0,0.03658536585365857,0.23300970873786409
0.938938938938939,3,21,0,79,0.036585365853658534,1.0,0.03658536585365857,0.23300970873786409
0.93993993993994,3,21,0,79,0.036585365853658534,1.0,0.03658536585365857,0.23300970873786409
0.9409409409409409,3,21,0,79,0.036585365853658534,1.0,0.03658536585365857,0.23300970873786409
0.9419419419419419,3,21,0,79,0.036585365853658534,1.0,0.03658536585365857,0.23300970873786409
0.9429429429429429,3,21,0,79,0.036585365853658534,1.0,0.03658536585365857,0.23300970873786409
0.943943943943944,3,21,0,79,0.036585365853658534,1.0,0.03658536585365857,0.23300970873786409
0.944944944944945,3,21,0,79,0.036585365853658534,1.0,0.03658536585365857,0.23300970873786409
0.9459459459459459,2,21,0,80,0.024390243902439025,1.0,0.024390243902439046,0.22330097087378642
0.9469469469469469,2,21,0,80,0.024390243902439025,1.0,0.024390243902439046,0.22330097087378642
0.9479479479479479,2,21,0,80,0.024390243902439025,1.0,0.024390243902439046,0.22330097087378642
0.948948948948949,2,21,0,80,0.024390243902439025,1.0,0.024390243902439046,0.22330097087378642
0.94994994994995,2,21,0,80,0.024390243902439025,1.0,0.024390243902439046,0.22330097087378642
0.950950950950951,2,21,0,80,0.024390243902439025,1.0,0.024390243902439046,0.22330097087378642
0.9519519519519519,2,21,0,80,0.024390243902439025,1.0,0.024390243902439046,0.22330097087378642
0.9529529529529529,2,21,0,80,0.024390243902439025,1.0,0.024390243902439046,0.22330097087378642
0.953953953953954,2,21,0,80,0.024390243902439025,1.0,0.024390243902439046,0.22330097087378642
0.954954954954955,2,21,0,80,0.024390243902439025,1.0,0.024390243902439046,0.22330097087378642
0.955955955955956,2,21,0,80,0.024390243902439025,1.0,0.024390243902439046,0.22330097087378642
0.9569569569569569,2,21,0,80,0.024390243902439025,1.0,0.024390243902439046,0.22330097087378642
0.9579579579579579,2,21,0,80,0.024390243902439025,1.0,0.024390243902439046,0.22330097087378642
0.958958958958959,2,21,0,80,0.024390243902439025,1.0,0.024390243902439046,0.22330097087378642
0.95995995995996,2,21,0,80,0.024390243902439025,1.0,0.024390243902439046,0.22330097087378642
0.960960960960961,2,21,0,80,0.024390243902439025,1.0,0.024390243902439046,0.22330097087378642
0.9619619619619619,2,21,0,80,0.024390243902439025,1.0,0.024390243902439046,0.22330097087378642
0.9629629629629629,2,21,0,80,0.024390243902439025,1.0,0.024390243902439046,0.22330097087378642
0.963963963963964,2,21,0,80,0.024390243902439025,1.0,0.024390243902439046,0.22330097087378642
0.964964964964965,2,21,0,80,0.024390243902439025,1.0,0.024390243902439046,0.22330097087378642
0.965965965965966,2,21,0,80,0.024390243902439025,1.0,0.024390243902439046,0.22330097087378642
0.9669669669669669,2,21,0,80,0.024390243902439025,1.0,0.024390243902439046,0.22330097087378642
0.9679679679679679,2,21,0,80,0.024390243902439025,1.0,0.024390243902439046,0.22330097087378642
0.968968968968969,2,21,0,80,0.024390243902439025,1.0,0.024390243902439046,0.22330097087378642
0.96996996996997,2,21,0,80,0.024390243902439025,1.0,0.024390243902439046,0.22330097087378642
0.970970970970971,2,21,0,80,0.024390243902439025,1.0,0.024390243902439046,0.22330097087378642
0.9719719719719719,2,21,0,80,0.024390243902439025,1.0,0.024390243902439046,0.22330097087378642
0.9729729729729729,2,21,0,80,0.024390243902439025,1.0,0.024390243902439046,0.22330097087378642
0.973973973973974,2,21,0,80,0.024390243902439025,1.0,0.024390243902439046,0.22330097087378642
0.974974974974975,2,21,0,80,0.024390243902439025,1.0,0.024390243902439046,0.22330097087378642
0.975975975975976,2,21,0,80,0.024390243902439025,1.0,0.024390243902439046,0.22330097087378642
0.9769769769769769,2,21,0,80,0.024390243902439025,1.0,0.024390243902439046,0.22330097087378642
0.9779779779779779,2,21,0,80,0.024390243902439025,1.0,0.024390243902439046,0.22330097087378642
0.978978978978979,2,21,0,80,0.024390243902439025,1.0,0.024390243902439046,0.22330097087378642
0.97997997997998,2,21,0,80,0.024390243902439025,1.0,0.024390243902439046,0.22330097087378642
0.980980980980981,2,21,0,80,0.024390243902439025,1.0,0.024390243902439046,0.22330097087378642
0.9819819819819819,2,21,0,80,0.024390243902439025,1.0,0.024390243902439046,0.22330097087378642
0.9829829829829829,2,21,0,80,0.024390243902439025,1.0,0.024390243902439046,0.22330097087378642
0.983983983983984,2,21,0,80,0.024390243902439025,1.0,0.024390243902439046,0.22330097087378642
0.984984984984985,2,21,0,80,0.024390243902439025,1.0,0.024390243902439046,0.22330097087378642
0.985985985985986,2,21,0,80,0.024390243902439025,1.0,0.024390243902439046,0.22330097087378642
0.986986986986987,2,21,0,80,0.024390243902439025,1.0,0.024390243902439046,0.22330097087378642
0.9879879879879879,2,21,0,80,0.024390243902439025,1.0,0.024390243902439046,0.22330097087378642
0.988988988988989,2,21,0,80,0.024390243902439025,1.0,0.024390243902439046,0.22330097087378642
0.98998998998999,2,21,0,80,0.024390243902439025,1.0,0.024390243902439046,0.22330097087378642
0.990990990990991,2,21,0,80,0.024390243902439025,1.0,0.024390243902439046,0.22330097087378642
0.991991991991992,2,21,0,80,0.024390243902439025,1.0,0.024390243902439046,0.22330097087378642
0.992992992992993,1,21,0,81,0.012195121951219513,1.0,0.012195121951219523,0.21359223300970873
0.993993993993994,1,21,0,81,0.012195121951219513,1.0,0.012195121951219523,0.21359223300970873
0.994994994994995,1,21,0,81,0.012195121951219513,1.0,0.012195121951219523,0.21359223300970873
0.995995995995996,1,21,0,81,0.012195121951219513,1.0,0.012195121951219523,0.21359223300970873
0.996996996996997,1,21,0,81,0.012195121951219513,1.0,0.012195121951219523,0.21359223300970873
0.997997997997998,1,21,0,81,0.012195121951219513,1.0,0.012195121951219523,0.21359223300970873
0.998998998998999,1,21,0,81,0.012195121951219513,1.0,0.012195121951219523,0.21359223300970873
1.0,1,21,0,81,0.012195121951219513,1.0,0.012195121951219523,0.21359223300970873
