sample_id,group,dataset,IPS_raw,IPS_normalized
GSM647527,sepsis,GSE26378,549.6674512631757,1.0
GSM647528,sepsis,GSE26378,539.7482596264613,0.9818118728268778
GSM647529,sepsis,GSE26378,31.282591040107867,0.04947397855886623
GSM647530,sepsis,GSE26378,67.28489760089232,0.1154888872566254
GSM647531,sepsis,GSE26378,215.5752998078586,0.38739861464920183
GSM647532,sepsis,GSE26378,24.769082408020722,0.037530613849071096
GSM647533,normal,GSE26378,4.301150362625872,0.0
GSM647534,normal,GSE26378,6.711422277772149,0.004419546846158728
GSM647535,sepsis,GSE26378,142.76552493259607,0.2538924285224947
GSM647536,normal,GSE26378,22.966115432073096,0.03422463954708281
GSM647537,normal,GSE26378,5.580933997814823,0.002346649642773445
GSM647538,normal,GSE26378,5.834202073332003,0.002811049579291277
GSM647539,normal,GSE26378,10.077733718658944,0.010592116429809366
GSM647540,sepsis,GSE26378,187.56411825281,0.33603647234448947
GSM647541,sepsis,GSE26378,190.56176167315013,0.34153304119260164
GSM647542,sepsis,GSE26378,367.2780054564366,0.6655652439368476
GSM647543,sepsis,GSE26378,437.1254376976653,0.7936395897955693
GSM647544,sepsis,GSE26378,96.80261212204161,0.16961345357545995
GSM647545,sepsis,GSE26378,312.73058227687636,0.5655454534043424
GSM647546,sepsis,GSE26378,233.59066170551247,0.42043212234468197
GSM647547,sepsis,GSE26378,53.97885506890388,0.09109052874049321
GSM647548,sepsis,GSE26378,84.34287791242855,0.14676691137246975
GSM647549,sepsis,GSE26378,376.15414231911046,0.6818407946043842
GSM647550,sepsis,GSE26378,103.70391852389854,0.18226789590249953
GSM647551,sepsis,GSE26378,397.2250014787477,0.720476953686534
GSM647552,sepsis,GSE26378,83.54172200822785,0.14529788788701095
GSM647553,sepsis,GSE26378,46.52490191156858,0.07742273675366386
GSM647554,sepsis,GSE26378,102.9354877659962,0.18085887822642854
GSM647555,sepsis,GSE26378,299.4714782759682,0.5412331627860667
GSM647556,sepsis,GSE26378,38.44105919790924,0.06259996039159181
GSM647557,sepsis,GSE26378,142.82322124114953,0.2539982222036558
GSM647558,sepsis,GSE26378,163.3093791686507,0.2915622555765886
GSM647559,sepsis,GSE26378,107.04871786806099,0.18840102026064062
GSM647560,sepsis,GSE26378,186.58573070978576,0.3342424716124885
GSM647561,sepsis,GSE26378,250.53451683663263,0.45150088310811964
GSM647562,sepsis,GSE26378,236.35364593052802,0.4254984130569117
GSM647563,sepsis,GSE26378,267.1796590647507,0.4820219149368783
GSM647564,sepsis,GSE26378,149.72959987890826,0.266661965134516
GSM647565,sepsis,GSE26378,68.63446892119443,0.11796350169113225
GSM647566,normal,GSE26378,6.8760001842020815,0.0047213218296114435
GSM647567,sepsis,GSE26378,74.75941822923598,0.1291943923749306
GSM647568,sepsis,GSE26378,290.36524914379567,0.5245357080347635
GSM647569,sepsis,GSE26378,143.83717629731404,0.2558574405941031
GSM647570,sepsis,GSE26378,319.30964207830755,0.5776090147035413
GSM647571,sepsis,GSE26378,227.81256169412586,0.4098372249301454
GSM647572,sepsis,GSE26378,94.05263423753397,0.16457101167912958
GSM647573,sepsis,GSE26378,38.24438002071315,0.06223932355563162
GSM647574,sepsis,GSE26378,117.44199410957071,0.20745844317868223
GSM647575,normal,GSE26378,12.18137929794452,0.0144494240335463
GSM647576,sepsis,GSE26378,240.24531899156298,0.4326343014581729
GSM647577,sepsis,GSE26378,110.8131762061311,0.19530364393183913
GSM647578,sepsis,GSE26378,91.66306864294012,0.16018943256313356
GSM647579,sepsis,GSE26378,132.53294563748946,0.2351296643432453
GSM647580,sepsis,GSE26378,41.75693849470676,0.06868005608383039
GSM647581,sepsis,GSE26378,153.04272585056685,0.27273701224723224
GSM647582,sepsis,GSE26378,253.95047399585346,0.45776448456933966
GSM647583,sepsis,GSE26378,148.4757176833533,0.2643628091480085
GSM647584,sepsis,GSE26378,313.89953747579,0.5676888847036056
GSM647585,sepsis,GSE26378,39.217434958998716,0.06402354626370653
GSM647586,sepsis,GSE26378,374.6737374543822,0.6791262798602871
GSM647587,sepsis,GSE26378,192.58365376578956,0.3452404431521667
GSM647588,sepsis,GSE26378,98.44223993969518,0.17261992429971648
GSM647589,normal,GSE26378,13.268014877141656,0.016441911610066525
GSM647590,normal,GSE26378,5.774781330770295,0.0027020939242323044
GSM647591,sepsis,GSE26378,253.18996439814703,0.45636999137008877
GSM647592,sepsis,GSE26378,96.5267653484566,0.1691076526612313
GSM647593,sepsis,GSE26378,207.93753597093442,0.3733937818894362
GSM647594,sepsis,GSE26378,166.03719268666006,0.29656405622599613
GSM647595,sepsis,GSE26378,322.05056871514495,0.5826348599607775
GSM647596,sepsis,GSE26378,279.2518112517037,0.5041577751229928
GSM647597,sepsis,GSE26378,97.01278601595997,0.16999883472858823
GSM647598,sepsis,GSE26378,184.74476854981822,0.3308668282019448
GSM647599,sepsis,GSE26378,18.963750809967365,0.026885783780790096
GSM647600,sepsis,GSE26378,282.29893160479605,0.5097450663583711
GSM647601,sepsis,GSE26378,261.8903391652205,0.4723232593895955
GSM647602,sepsis,GSE26378,48.902883536868345,0.08178307515626237
GSM647603,sepsis,GSE26378,188.511099343291,0.33777288526350785
GSM647604,normal,GSE26378,5.792446192295192,0.00273448474393592
GSM647605,normal,GSE26378,9.819835597957269,0.010119226703627504
GSM647606,normal,GSE26378,4.470273851510527,0.0003101098997231494
GSM647607,normal,GSE26378,8.332540096060722,0.007392077080629874
GSM647608,normal,GSE26378,11.123560294165852,0.012509775393665329
GSM647609,sepsis,GSE26378,250.68089915257505,0.4517692941113311
GSM647610,sepsis,GSE26378,73.54700493062015,0.12697127500113284
GSM647611,sepsis,GSE26378,123.73205434526636,0.21899208620963048
GSM647612,sepsis,GSE26378,147.3783145304018,0.26235057782542887
GSM647613,sepsis,GSE26378,265.76871001046123,0.47943475644916167
GSM647614,sepsis,GSE26378,187.41751663735704,0.33576765922712065
GSM647615,sepsis,GSE26378,144.80555325643178,0.257633085619325
GSM647616,sepsis,GSE26378,187.33914108596872,0.33562394746631163
GSM647617,sepsis,GSE26378,76.18240137892529,0.1318036169407675
GSM647618,sepsis,GSE26378,177.77660848440286,0.31808980099305967
GSM647619,sepsis,GSE26378,220.4258601125308,0.396292747448868
GSM647620,sepsis,GSE26378,377.8834798070352,0.6850117596696423
GSM647621,normal,GSE26378,18.395536782451963,0.025843889504269663
GSM647622,normal,GSE26378,4.700487936431003,0.0007322373478994106
GSM647623,normal,GSE26378,6.7184632232129555,0.004432457334814114
GSM647624,normal,GSE26378,5.515308573532059,0.0022263168972877084
GSM647625,normal,GSE26378,6.01087141425632,0.003134995779547118
GSM647626,normal,GSE26378,10.769276573696681,0.011860150142005753
GSM647627,sepsis,GSE26378,478.23024142278007,0.8690105902722021
GSM647628,sepsis,GSE26378,236.7014389336006,0.4261361367345542
GSM647629,sepsis,GSE26378,225.3579364321068,0.4053363504573997
GSM648590,sepsis,GSE26440,181.39008524561953,0.26673637705532666
GSM648591,sepsis,GSE26440,72.28611384756087,0.1001600316054236
GSM648592,sepsis,GSE26440,179.96634013878617,0.26456264997913054
GSM648593,sepsis,GSE26440,158.82290274005064,0.2322815470366868
GSM648594,sepsis,GSE26440,134.17066410675426,0.19464332208416696
GSM648595,sepsis,GSE26440,89.12060256689865,0.12586237380664253
GSM648596,sepsis,GSE26440,66.72728741287088,0.09167299872645868
GSM648597,sepsis,GSE26440,104.18716427793974,0.14886550335509927
GSM648598,sepsis,GSE26440,304.8725567048379,0.4552653422178592
GSM648599,sepsis,GSE26440,293.7107314989083,0.43822383559322087
GSM648600,sepsis,GSE26440,288.38565436378724,0.43009368343614657
GSM648601,sepsis,GSE26440,278.47376823244167,0.41496054256952086
GSM648602,sepsis,GSE26440,281.9306565673564,0.42023840567642456
GSM648603,sepsis,GSE26440,405.65234273165095,0.6091325959617355
GSM648604,sepsis,GSE26440,551.5727903991414,0.8319191232292195
GSM648605,sepsis,GSE26440,200.08086966894166,0.2952728503196204
GSM648606,sepsis,GSE26440,60.882655476837385,0.08274960743346699
GSM648607,sepsis,GSE26440,445.75035593046965,0.6703529201430792
GSM648608,sepsis,GSE26440,578.9518587152241,0.8737205818147816
GSM648609,sepsis,GSE26440,365.975108091152,0.5485547026066068
GSM648610,sepsis,GSE26440,340.1710025180815,0.5091578451972344
GSM648611,sepsis,GSE26440,38.983330765016504,0.04931444066940195
GSM648612,sepsis,GSE26440,114.3495294670195,0.16438106738666064
GSM648613,sepsis,GSE26440,103.21082176512769,0.1473748558048076
GSM648614,sepsis,GSE26440,100.79704277547536,0.1436895776461136
GSM648615,sepsis,GSE26440,162.61058777731222,0.23806445963956885
GSM648616,sepsis,GSE26440,12.497581069324998,0.008876871493183348
GSM648617,sepsis,GSE26440,45.301496797296664,0.058960808204119114
GSM648618,sepsis,GSE26440,79.71907133231589,0.11150842596567716
GSM648619,sepsis,GSE26440,212.6877613447794,0.3145206367744517
GSM648620,sepsis,GSE26440,168.21604576097906,0.24662268802967507
GSM648621,sepsis,GSE26440,60.04270378960405,0.08146719689770991
GSM648622,sepsis,GSE26440,304.4158110474259,0.4545679980108897
GSM648623,sepsis,GSE26440,82.12643296236932,0.11518390631137021
GSM648624,sepsis,GSE26440,440.1215586203034,0.6617590580389686
GSM648625,sepsis,GSE26440,76.92467542370056,0.1072420344472692
GSM648626,sepsis,GSE26440,173.8588001309524,0.2552378593124168
GSM648627,sepsis,GSE26440,267.89361164231,0.3988071084049493
GSM648628,sepsis,GSE26440,144.3655966659612,0.21020860890241688
GSM648629,sepsis,GSE26440,661.662197885122,1.0
GSM648630,normal,GSE26440,7.741261197242515,0.0016150791685792252
GSM648631,normal,GSE26440,17.732382408658896,0.01686919354240634
GSM648632,normal,GSE26440,19.984345064861518,0.02030741585964239
GSM648633,sepsis,GSE26440,215.94139338772328,0.3194881748778533
GSM648634,sepsis,GSE26440,409.7357216721482,0.6153669642645491
GSM648635,sepsis,GSE26440,373.9838412871324,0.5607821723345646
GSM648636,sepsis,GSE26440,349.4439265107293,0.523315439742482
GSM648637,normal,GSE26440,7.893310543020184,0.001847223095359725
GSM648638,normal,GSE26440,9.554259647687168,0.004383105412826289
GSM648639,normal,GSE26440,8.921478618978224,0.0034169962063355557
GSM648640,normal,GSE26440,10.007438344901182,0.005075003702598367
GSM648641,normal,GSE26440,12.957578831602799,0.009579180906612573
GSM648642,sepsis,GSE26440,265.790293193127,0.39559583116093416
GSM648643,sepsis,GSE26440,113.27000163381913,0.16273287989209279
GSM648644,sepsis,GSE26440,32.0230649626828,0.038687736381226835
GSM648645,sepsis,GSE26440,485.0285918650979,0.7303216354324463
GSM648646,sepsis,GSE26440,108.221158663352,0.15502447294783545
GSM648647,sepsis,GSE26440,213.37177404142813,0.3155649648020115
GSM648648,sepsis,GSE26440,414.94061308089636,0.6233136208181371
GSM648649,sepsis,GSE26440,271.00500717600664,0.4035574844967728
GSM648650,sepsis,GSE26440,352.15714414934376,0.5274578909553868
GSM648651,sepsis,GSE26440,149.10551041250818,0.21744535289560213
GSM648652,sepsis,GSE26440,358.11904432562136,0.5365603235302574
GSM648653,sepsis,GSE26440,401.7908183826893,0.6032369479328564
GSM648654,sepsis,GSE26440,459.4059660571968,0.6912018553436119
GSM648655,sepsis,GSE26440,128.09615142584371,0.18536895645100931
GSM648656,sepsis,GSE26440,110.34553688335431,0.15826790355541875
GSM648657,sepsis,GSE26440,204.8722207682225,0.30258812716663513
GSM648658,sepsis,GSE26440,151.2660011907894,0.2207439189662292
GSM648659,sepsis,GSE26440,122.54747733270476,0.17689742383231594
GSM648660,sepsis,GSE26440,343.50671478159796,0.5142507006745273
GSM648661,sepsis,GSE26440,172.20606669174728,0.25271452040203746
GSM648662,sepsis,GSE26440,127.2525816536429,0.18408102194244275
GSM648663,sepsis,GSE26440,98.72044563666635,0.14051909761754988
GSM648664,sepsis,GSE26440,448.0284524880989,0.6738310428391576
GSM648665,sepsis,GSE26440,152.62726550446123,0.22282225242794643
GSM648666,sepsis,GSE26440,107.87348096213145,0.15449365009948612
GSM648667,sepsis,GSE26440,154.1177924322642,0.22509793978603745
GSM648668,normal,GSE26440,9.111109219242579,0.0037065179530945346
GSM648669,normal,GSE26440,8.319647239825635,0.0024981399041157717
GSM648670,sepsis,GSE26440,49.53013893483828,0.06541695956562384
GSM648671,normal,GSE26440,6.6834186149818615,0.0
GSM648672,normal,GSE26440,7.995622895035536,0.0020034302203132412
GSM648673,normal,GSE26440,8.788566644215692,0.003214070586499995
GSM648674,normal,GSE26440,12.157060688158865,0.008356976205055718
GSM648675,sepsis,GSE26440,147.1204855929442,0.2144146824641479
GSM648676,normal,GSE26440,15.943030292773244,0.014137269741944325
GSM648677,normal,GSE26440,9.771554966944118,0.00471486474020341
GSM648678,normal,GSE26440,8.789218116817793,0.0032150652333843214
GSM648679,normal,GSE26440,9.72129932489974,0.004638136083283594
GSM648680,sepsis,GSE26440,513.8110076742577,0.774265678690203
GSM648681,normal,GSE26440,53.40041386408233,0.07132596769189747
GSM648682,sepsis,GSE26440,58.26363029965722,0.07875096616435807
GSM648683,sepsis,GSE26440,194.23421069006835,0.28634636420446963
GSM648684,sepsis,GSE26440,261.3606238726052,0.3888327581260216
GSM648685,sepsis,GSE26440,375.2267303450888,0.5626797743596889
GSM648686,normal,GSE26440,12.075705704824838,0.008232766099463162
GSM648687,normal,GSE26440,9.661202525207203,0.004546382271412768
GSM648688,normal,GSE26440,10.946189310574137,0.006508257718429278
GSM648689,normal,GSE26440,15.355557829542335,0.013240336159018866
GSM648690,normal,GSE26440,8.851105960595204,0.0033095535522980643
GSM648691,normal,GSE26440,9.697908644461007,0.004602423963778292
GSM648692,normal,GSE26440,7.8527279794586775,0.001785262975664353
GSM648693,normal,GSE26440,12.594957499489048,0.009025542615433384
GSM648694,normal,GSE26440,7.061391942976897,0.0005770772122055938
GSM648695,sepsis,GSE26440,144.62914907715728,0.21061099203227915
GSM648696,sepsis,GSE26440,179.33312962376635,0.2635958850471042
GSM648697,sepsis,GSE26440,279.31409909402146,0.4162435320161655
GSM648698,sepsis,GSE26440,133.41264790437697,0.1934860079445822
GSM648699,normal,GSE26440,14.42489202384498,0.0118194262988026
GSM648700,normal,GSE26440,16.082364268450892,0.014350000260989402
GSM648701,normal,GSE26440,12.386931851112458,0.008707935915856951
GSM648702,sepsis,GSE26440,361.04815179284446,0.5410323882137684
GSM648703,normal,GSE26440,13.776350647616116,0.0108292547134704
GSM648704,sepsis,GSE26440,33.00333878342205,0.04018438612281326
GSM648705,sepsis,GSE26440,425.26894259758524,0.6390825737118446
GSM648706,sepsis,GSE26440,78.35614500830523,0.10942755500138515
GSM648707,sepsis,GSE26440,39.454338999710856,0.05003356050900837
GSM648708,sepsis,GSE26440,266.3914193724875,0.3965136107873678
GSM648709,sepsis,GSE26440,92.66341870582546,0.13127142865094552
GSM648710,sepsis,GSE26440,345.18258745277143,0.5168093678011797
GSM648711,sepsis,GSE26440,312.7384479666047,0.46727472559136635
GSM648712,sepsis,GSE26440,146.80814288636904,0.21393780792032954
GSM648713,sepsis,GSE26440,154.63302122941695,0.22588457412207943
GSM648714,sepsis,GSE26440,90.82877478106936,0.12847035481035407
GSM648715,sepsis,GSE26440,166.95012165871853,0.24468991685856756
GSM648716,sepsis,GSE26440,323.9601648177547,0.484407672804793
GSM648717,sepsis,GSE26440,39.28052739677979,0.04976819068569173
GSM648718,sepsis,GSE26440,202.88411268059374,0.2995527493031811
GSM648719,sepsis,GSE26440,501.6917907079399,0.7557624578991073
